-- phpMyAdmin SQL Dump
-- version 5.2.1
-- https://www.phpmyadmin.net/
--
-- Host: 127.0.0.1
-- Waktu pembuatan: 09 Agu 2024 pada 07.48
-- Versi server: 10.4.28-MariaDB
-- Versi PHP: 8.2.4

SET SQL_MODE = "NO_AUTO_VALUE_ON_ZERO";
START TRANSACTION;
SET time_zone = "+00:00";


/*!40101 SET @OLD_CHARACTER_SET_CLIENT=@@CHARACTER_SET_CLIENT */;
/*!40101 SET @OLD_CHARACTER_SET_RESULTS=@@CHARACTER_SET_RESULTS */;
/*!40101 SET @OLD_COLLATION_CONNECTION=@@COLLATION_CONNECTION */;
/*!40101 SET NAMES utf8mb4 */;

--
-- Database: `diseasesapi`
--

-- --------------------------------------------------------

--
-- Struktur dari tabel `diseases`
--

CREATE TABLE `diseases` (
  `id` int(11) NOT NULL,
  `disease_name` varchar(255) DEFAULT NULL
) ENGINE=InnoDB DEFAULT CHARSET=utf8mb4 COLLATE=utf8mb4_general_ci;

--
-- Dumping data untuk tabel `diseases`
--

INSERT INTO `diseases` (`id`, `disease_name`) VALUES
(1, 'hypertensive disease'),
(2, 'diabetes'),
(3, 'depression mental'),
(4, 'coronary arteriosclerosis'),
(5, 'pneumonia'),
(6, 'failure heart congestive'),
(7, 'accident cerebrovascular'),
(8, 'asthma'),
(9, 'myocardial infarction'),
(10, 'hypercholesterolemia'),
(11, 'infection'),
(12, 'infection urinary tract'),
(13, 'anemia'),
(14, 'chronic obstructive airway disease'),
(15, 'dementia'),
(16, 'insufficiency renal'),
(17, 'confusion'),
(18, 'degenerative polyarthritis'),
(19, 'hypothyroidism'),
(20, 'anxiety state'),
(21, 'malignant neoplasms'),
(22, 'acquired immuno-deficiency syndrome'),
(23, 'cellulitis'),
(24, 'gastroesophageal reflux disease'),
(25, 'septicemia'),
(26, 'deep vein thrombosis'),
(27, 'dehydration'),
(28, 'neoplasm'),
(29, 'embolism pulmonary'),
(30, 'epilepsy'),
(31, 'cardiomyopathy'),
(32, 'chronic kidney failure'),
(33, 'carcinoma'),
(34, 'hepatitis C'),
(35, 'peripheral vascular disease'),
(36, 'psychotic disorder'),
(37, 'hyperlipidemia'),
(38, 'bipolar disorder'),
(39, 'obesity'),
(40, 'ischemia'),
(41, 'cirrhosis'),
(42, 'exanthema'),
(43, 'benign prostatic hypertrophy'),
(44, 'kidney failure acute'),
(45, 'mitral valve insufficiency'),
(46, 'arthritis'),
(47, 'bronchitis'),
(48, 'hemiparesis'),
(49, 'osteoporosis'),
(50, 'transient ischemic attack'),
(51, 'adenocarcinoma'),
(52, 'paranoia'),
(53, 'pancreatitis'),
(54, 'incontinence'),
(55, 'paroxysmal dyspnea'),
(56, 'hernia'),
(57, 'malignant neoplasm of prostate'),
(58, 'edema pulmonary'),
(59, 'lymphatic diseases'),
(60, 'stenosis aortic valve'),
(61, 'malignant neoplasm of breast'),
(62, 'schizophrenia'),
(63, 'diverticulitis'),
(64, 'overload fluid'),
(65, 'ulcer peptic'),
(66, 'osteomyelitis'),
(67, 'gastritis'),
(68, 'bacteremia'),
(69, 'failure kidney'),
(70, 'sickle cell anemia'),
(71, 'failure heart'),
(72, 'upper respiratory infection'),
(73, 'hepatitis'),
(74, 'hypertension pulmonary'),
(75, 'deglutition disorder'),
(76, 'gout'),
(77, 'thrombocytopaenia'),
(78, 'hypoglycemia'),
(79, 'pneumonia aspiration'),
(80, 'colitis'),
(81, 'diverticulosis'),
(82, 'suicide attempt'),
(83, 'Pneumocystis carinii pneumonia'),
(84, 'hepatitis B'),
(85, 'parkinson disease'),
(86, 'lymphoma'),
(87, 'hyperglycemia'),
(88, 'encephalopathy'),
(89, 'tricuspid valve insufficiency'),
(90, 'Alzheimer\'s disease'),
(91, 'candidiasis'),
(92, 'neuropathy'),
(93, 'kidney disease'),
(94, 'fibroid tumor'),
(95, 'glaucoma'),
(96, 'neoplasm metastasis'),
(97, 'malignant tumor of colon'),
(98, 'ketoacidosis diabetic'),
(99, 'tonic-clonic epilepsy'),
(100, 'malignant neoplasms'),
(101, 'respiratory failure'),
(102, 'melanoma'),
(103, 'gastroenteritis'),
(104, 'malignant neoplasm of lung'),
(105, 'manic disorder'),
(106, 'personality disorder'),
(107, 'primary carcinoma of the liver cells'),
(108, 'emphysema pulmonary'),
(109, 'hemorrhoids'),
(110, 'spasm bronchial'),
(111, 'aphasia'),
(112, 'obesity morbid'),
(113, 'pyelonephritis'),
(114, 'endocarditis'),
(115, 'effusion pericardial'),
(116, 'chronic alcoholic intoxication'),
(117, 'pneumothorax'),
(118, 'delirium'),
(119, 'neutropenia'),
(120, 'hyperbilirubinemia'),
(121, 'influenza'),
(122, 'dependence'),
(123, 'thrombus'),
(124, 'cholecystitis'),
(125, 'hernia hiatal'),
(126, 'migraine disorders'),
(127, 'pancytopenia'),
(128, 'cholelithiasis'),
(129, 'tachycardia sinus'),
(130, 'ileus'),
(131, 'adhesion'),
(132, 'delusion'),
(133, 'affect labile'),
(134, 'decubitus ulcer');

-- --------------------------------------------------------

--
-- Struktur dari tabel `disease_symptoms`
--

CREATE TABLE `disease_symptoms` (
  `id` int(11) NOT NULL,
  `disease_id` int(11) DEFAULT NULL,
  `symptom_id` int(11) DEFAULT NULL
) ENGINE=InnoDB DEFAULT CHARSET=utf8mb4 COLLATE=utf8mb4_general_ci;

--
-- Dumping data untuk tabel `disease_symptoms`
--

INSERT INTO `disease_symptoms` (`id`, `disease_id`, `symptom_id`) VALUES
(1, 1, 1),
(2, 1, 2),
(3, 1, 3),
(4, 1, 4),
(5, 1, 5),
(6, 1, 6),
(7, 1, 7),
(8, 1, 8),
(9, 1, 9),
(10, 1, 10),
(11, 1, 11),
(12, 1, 12),
(13, 2, 13),
(14, 2, 14),
(15, 2, 2),
(16, 2, 1),
(17, 2, 4),
(18, 2, 10),
(19, 2, 15),
(20, 2, 16),
(21, 2, 8),
(22, 2, 17),
(23, 2, 18),
(24, 2, 7),
(25, 2, 19),
(26, 2, 20),
(27, 3, 21),
(28, 3, 22),
(29, 3, 23),
(30, 3, 24),
(31, 3, 25),
(32, 3, 26),
(33, 3, 27),
(34, 3, 28),
(35, 3, 29),
(36, 3, 30),
(37, 3, 31),
(38, 3, 32),
(39, 3, 33),
(40, 3, 34),
(41, 3, 35),
(42, 3, 36),
(43, 3, 37),
(44, 3, 38),
(45, 3, 39),
(46, 3, 40),
(47, 3, 41),
(48, 4, 1),
(49, 4, 11),
(50, 4, 2),
(51, 4, 42),
(52, 4, 8),
(53, 4, 12),
(54, 4, 43),
(55, 4, 15),
(56, 4, 44),
(57, 5, 45),
(58, 5, 46),
(59, 5, 47),
(60, 5, 2),
(61, 5, 16),
(62, 5, 48),
(63, 5, 49),
(64, 5, 50),
(65, 5, 51),
(66, 5, 52),
(67, 5, 53),
(68, 5, 54),
(69, 5, 55),
(70, 5, 56),
(71, 5, 57),
(72, 5, 58),
(73, 5, 59),
(74, 5, 60),
(75, 5, 61),
(76, 6, 2),
(77, 6, 15),
(78, 6, 62),
(79, 6, 16),
(80, 6, 63),
(81, 6, 45),
(82, 6, 56),
(83, 7, 64),
(84, 7, 4),
(85, 7, 65),
(86, 7, 66),
(87, 7, 67),
(88, 7, 17),
(89, 7, 68),
(90, 7, 69),
(91, 8, 56),
(92, 8, 45),
(93, 8, 2),
(94, 8, 44),
(95, 8, 55),
(96, 8, 49),
(97, 8, 48),
(98, 8, 70),
(99, 8, 58),
(100, 9, 1),
(101, 9, 71),
(102, 9, 8),
(103, 9, 2),
(104, 9, 72),
(105, 9, 42),
(106, 9, 11),
(107, 9, 12),
(108, 9, 73),
(109, 9, 15),
(110, 9, 16),
(111, 9, 44),
(112, 9, 74),
(113, 9, 9),
(114, 9, 63),
(115, 9, 75),
(116, 9, 76),
(117, 9, 6),
(118, 10, 77),
(119, 10, 1),
(120, 10, 8),
(121, 10, 78),
(122, 10, 12),
(123, 10, 6),
(124, 10, 69),
(125, 10, 75),
(126, 10, 2),
(127, 10, 72),
(128, 10, 32),
(129, 10, 73),
(130, 10, 76),
(131, 10, 63),
(132, 11, 46),
(133, 11, 79),
(134, 11, 47),
(135, 11, 80),
(136, 11, 52),
(137, 11, 81),
(138, 11, 82),
(139, 11, 83),
(140, 11, 77),
(141, 11, 45),
(142, 12, 46),
(143, 12, 4),
(144, 12, 58),
(145, 12, 18),
(146, 13, 52),
(147, 13, 4),
(148, 13, 3),
(149, 13, 2),
(150, 13, 77),
(151, 13, 53),
(152, 14, 2),
(153, 14, 56),
(154, 14, 45),
(155, 14, 63),
(156, 14, 58),
(157, 14, 44),
(158, 15, 46),
(159, 15, 5),
(160, 15, 17),
(161, 15, 33),
(162, 15, 6),
(163, 15, 16),
(164, 15, 45),
(165, 15, 77),
(166, 15, 66),
(167, 15, 53),
(168, 15, 23),
(169, 16, 2),
(170, 16, 15),
(171, 16, 16),
(172, 16, 4),
(173, 16, 18),
(174, 16, 63),
(175, 16, 38),
(176, 16, 82),
(177, 16, 51),
(178, 16, 42),
(179, 17, 68),
(180, 17, 65),
(181, 17, 5),
(182, 17, 18),
(183, 17, 33),
(184, 17, 4),
(185, 17, 3),
(186, 17, 64),
(187, 17, 34),
(188, 17, 17),
(189, 18, 77),
(190, 18, 4),
(191, 18, 78),
(192, 18, 55),
(193, 18, 14),
(194, 19, 2),
(195, 19, 5),
(196, 19, 13),
(197, 19, 38),
(198, 19, 6),
(199, 19, 39),
(200, 19, 65),
(201, 19, 4),
(202, 19, 33),
(203, 19, 18),
(204, 19, 27),
(205, 19, 19),
(206, 19, 69),
(207, 20, 32),
(208, 20, 21),
(209, 20, 22),
(210, 20, 26),
(211, 20, 24),
(212, 20, 28),
(213, 20, 34),
(214, 20, 29),
(215, 20, 25),
(216, 20, 31),
(217, 20, 38),
(218, 20, 1),
(219, 20, 33),
(220, 20, 9),
(221, 20, 23),
(222, 20, 30),
(223, 20, 77),
(224, 20, 39),
(225, 21, 77),
(226, 100, 77),
(227, 22, 46),
(228, 22, 61),
(229, 22, 45),
(230, 22, 52),
(231, 22, 82),
(232, 22, 49),
(233, 22, 59),
(234, 22, 48),
(235, 22, 21),
(236, 23, 79),
(237, 23, 77),
(238, 23, 46),
(239, 23, 83),
(240, 23, 81),
(241, 23, 1),
(242, 23, 52),
(243, 24, 77),
(244, 24, 1),
(245, 24, 44),
(246, 24, 74),
(247, 24, 10),
(248, 24, 9),
(249, 24, 8),
(250, 24, 4),
(251, 25, 46),
(252, 25, 58),
(253, 25, 59),
(254, 25, 52),
(255, 25, 76),
(256, 25, 17),
(257, 25, 16),
(258, 26, 77),
(259, 26, 2),
(260, 26, 16),
(261, 26, 79),
(262, 26, 55),
(263, 27, 46),
(264, 27, 82),
(265, 27, 19),
(266, 27, 10),
(267, 27, 18),
(268, 27, 4),
(269, 27, 6),
(270, 27, 3),
(271, 27, 6),
(272, 28, 1),
(273, 28, 77),
(274, 28, 61),
(275, 29, 2),
(276, 29, 59),
(277, 29, 1),
(278, 29, 63),
(279, 29, 49),
(280, 29, 50),
(281, 29, 48),
(282, 29, 17),
(283, 29, 58),
(284, 29, 56),
(285, 29, 55),
(286, 30, 68),
(287, 30, 34),
(288, 30, 17),
(289, 30, 67),
(290, 31, 2),
(291, 31, 15),
(292, 31, 42),
(293, 31, 62),
(294, 31, 9),
(295, 31, 1),
(296, 31, 6),
(297, 31, 50),
(298, 31, 16),
(299, 31, 63),
(300, 31, 43),
(301, 32, 19),
(302, 32, 15),
(303, 32, 62),
(304, 32, 10),
(305, 32, 2),
(306, 32, 18),
(307, 32, 82),
(308, 32, 4),
(309, 32, 44),
(310, 32, 60),
(311, 32, 52),
(312, 32, 16),
(313, 32, 46),
(314, 32, 49),
(315, 32, 17),
(316, 32, 50),
(317, 33, 77),
(318, 33, 55),
(319, 33, 82),
(320, 33, 10),
(321, 34, 21),
(322, 34, 45),
(323, 34, 23),
(324, 34, 52),
(325, 35, 2),
(326, 35, 11),
(327, 35, 17),
(328, 35, 20),
(329, 35, 63),
(330, 36, 22),
(331, 36, 23),
(332, 36, 21),
(333, 36, 31),
(334, 36, 27),
(335, 36, 29),
(336, 36, 36),
(337, 36, 24),
(338, 36, 28),
(339, 36, 33),
(340, 36, 34),
(341, 36, 25),
(342, 36, 41),
(343, 36, 26),
(344, 36, 37),
(345, 36, 35),
(346, 36, 32),
(347, 36, 30),
(348, 36, 39),
(349, 37, 1),
(350, 37, 11),
(351, 37, 9),
(352, 37, 74),
(353, 37, 8),
(354, 37, 75),
(355, 37, 2),
(356, 37, 42),
(357, 37, 67),
(358, 37, 3),
(359, 38, 21),
(360, 38, 37),
(361, 38, 22),
(362, 38, 28),
(363, 38, 33),
(364, 38, 23),
(365, 38, 36),
(366, 38, 25),
(367, 38, 24),
(368, 38, 32),
(369, 38, 26),
(370, 38, 38),
(371, 38, 31),
(372, 38, 35),
(373, 38, 27),
(374, 38, 41),
(375, 38, 29),
(376, 38, 34),
(377, 39, 77),
(378, 39, 1),
(379, 39, 2),
(380, 39, 30),
(381, 40, 1),
(382, 40, 11),
(383, 40, 12),
(384, 40, 75),
(385, 40, 2),
(386, 40, 63),
(387, 40, 76),
(388, 40, 8),
(389, 40, 16),
(390, 41, 5),
(391, 41, 81),
(392, 42, 46),
(393, 42, 81),
(394, 42, 79),
(395, 42, 52),
(396, 42, 77),
(397, 43, 18),
(398, 43, 29),
(399, 43, 15),
(400, 43, 61),
(401, 43, 58),
(402, 43, 64),
(403, 44, 4),
(404, 44, 82),
(405, 44, 17),
(406, 45, 2),
(407, 45, 43),
(408, 45, 42),
(409, 45, 63),
(410, 45, 6),
(411, 45, 9),
(412, 45, 19),
(413, 45, 77),
(414, 45, 75),
(415, 46, 77),
(416, 46, 26),
(417, 46, 4),
(418, 46, 6),
(419, 46, 2),
(420, 47, 45),
(421, 47, 56),
(422, 47, 2),
(423, 47, 44),
(424, 47, 46),
(425, 47, 48),
(426, 47, 80),
(427, 47, 61),
(428, 47, 57),
(429, 47, 20),
(430, 47, 63),
(431, 47, 52),
(432, 48, 64),
(433, 48, 4),
(434, 48, 68),
(435, 48, 65),
(436, 48, 67),
(437, 48, 17),
(438, 48, 66),
(439, 49, 5),
(440, 49, 7),
(441, 49, 77),
(442, 49, 6),
(443, 50, 65),
(444, 50, 64),
(445, 50, 66),
(446, 50, 4),
(447, 50, 7),
(448, 50, 69),
(449, 50, 6),
(450, 50, 38),
(451, 51, 77),
(452, 52, 23),
(453, 52, 31),
(454, 52, 33),
(455, 52, 28),
(456, 52, 36),
(457, 52, 21),
(458, 52, 22),
(459, 52, 41),
(460, 52, 37),
(461, 52, 30),
(462, 52, 29),
(463, 53, 19),
(464, 53, 10),
(465, 53, 77),
(466, 53, 82),
(467, 54, 68),
(468, 54, 4),
(469, 54, 34),
(470, 54, 6),
(471, 54, 5),
(472, 54, 17),
(473, 55, 15),
(474, 55, 2),
(475, 55, 43),
(476, 55, 62),
(477, 55, 16),
(478, 55, 1),
(479, 55, 9),
(480, 55, 8),
(481, 55, 45),
(482, 55, 63),
(483, 56, 77),
(484, 56, 10),
(485, 56, 67),
(486, 56, 4),
(487, 57, 4),
(488, 57, 49),
(489, 57, 16),
(490, 57, 51),
(491, 57, 82),
(492, 57, 7),
(493, 57, 53),
(494, 58, 2),
(495, 58, 16),
(496, 58, 59),
(497, 58, 15),
(498, 58, 62),
(499, 58, 63),
(500, 58, 8),
(501, 58, 75),
(502, 58, 1),
(503, 58, 56),
(504, 59, 77),
(505, 59, 61),
(506, 59, 52),
(507, 59, 46),
(508, 59, 55),
(509, 60, 43),
(510, 60, 6),
(511, 60, 75),
(512, 60, 11),
(513, 60, 1),
(514, 60, 76),
(515, 60, 2),
(516, 60, 77),
(517, 61, 79),
(518, 61, 38),
(519, 61, 63),
(520, 62, 23),
(521, 62, 28),
(522, 62, 36),
(523, 62, 33),
(524, 62, 22),
(525, 62, 32),
(526, 62, 31),
(527, 62, 41),
(528, 63, 82),
(529, 63, 77),
(530, 63, 19),
(531, 63, 46),
(532, 64, 16),
(533, 64, 62),
(534, 64, 15),
(535, 64, 2),
(536, 65, 10),
(537, 65, 19),
(538, 65, 1),
(539, 65, 67),
(540, 66, 77),
(541, 66, 46),
(542, 66, 79),
(543, 67, 19),
(544, 67, 10),
(545, 67, 35),
(546, 67, 77),
(547, 67, 3),
(548, 68, 46),
(549, 68, 52),
(550, 68, 17),
(551, 68, 19),
(552, 68, 82),
(553, 68, 49),
(554, 68, 47),
(555, 69, 15),
(556, 69, 17),
(557, 69, 2),
(558, 70, 77),
(559, 70, 2),
(560, 70, 1),
(561, 70, 80),
(562, 70, 54),
(563, 71, 15),
(564, 71, 43),
(565, 71, 63),
(566, 71, 2),
(567, 71, 62),
(568, 71, 11),
(569, 71, 42),
(570, 72, 45),
(571, 72, 56),
(572, 72, 2),
(573, 72, 20),
(574, 72, 46),
(575, 72, 55),
(576, 72, 49),
(577, 72, 61),
(578, 72, 63),
(579, 72, 48),
(580, 72, 47),
(581, 72, 53),
(582, 72, 70),
(583, 73, 59),
(584, 73, 81),
(585, 73, 52),
(586, 73, 58),
(587, 73, 46),
(588, 73, 19),
(589, 74, 2),
(590, 74, 51),
(591, 74, 43),
(592, 75, 64),
(593, 75, 4),
(594, 76, 77),
(595, 76, 79),
(596, 76, 42),
(597, 77, 59),
(598, 77, 46),
(599, 77, 81),
(600, 78, 17),
(601, 78, 13),
(602, 78, 58),
(603, 79, 46),
(604, 79, 18),
(605, 79, 47),
(606, 79, 17),
(607, 79, 68),
(608, 79, 67),
(609, 79, 45),
(610, 79, 77),
(611, 79, 82),
(612, 80, 46),
(613, 80, 54),
(614, 80, 19),
(615, 80, 77),
(616, 80, 10),
(617, 80, 52),
(618, 81, 82),
(619, 81, 77),
(620, 81, 10),
(621, 81, 21),
(622, 81, 24),
(623, 82, 23),
(624, 82, 26),
(625, 82, 22),
(626, 82, 27),
(627, 82, 25),
(628, 82, 40),
(629, 82, 32),
(630, 82, 34),
(631, 82, 33),
(632, 82, 17),
(633, 82, 29),
(634, 82, 38),
(635, 82, 28),
(636, 82, 46),
(637, 82, 45),
(638, 83, 50),
(639, 83, 52),
(640, 83, 48),
(641, 83, 82),
(642, 83, 43),
(643, 83, 55),
(644, 84, 59),
(645, 84, 50),
(646, 85, 5),
(647, 85, 33),
(648, 85, 67),
(649, 85, 38),
(650, 85, 17),
(651, 85, 6),
(652, 85, 66),
(653, 85, 32),
(654, 85, 34),
(655, 85, 61),
(656, 86, 46),
(657, 86, 57),
(658, 86, 14),
(659, 87, 81),
(660, 87, 30),
(661, 87, 56),
(662, 87, 68),
(663, 88, 17),
(664, 88, 42),
(665, 89, 2),
(666, 89, 77),
(667, 89, 19),
(668, 89, 10),
(669, 89, 76),
(670, 89, 46),
(671, 90, 33),
(672, 90, 39),
(673, 90, 53),
(674, 90, 66),
(675, 90, 34),
(676, 90, 45),
(677, 90, 46),
(678, 91, 82),
(679, 91, 52),
(680, 91, 61),
(681, 91, 55),
(682, 92, 4),
(683, 92, 69),
(684, 92, 77),
(685, 93, 2),
(686, 93, 1),
(687, 93, 46),
(688, 94, 2),
(689, 94, 46),
(690, 95, 5),
(691, 95, 33),
(692, 96, 77),
(693, 97, 82),
(694, 97, 76),
(695, 97, 19),
(696, 97, 10),
(697, 97, 14),
(698, 98, 13),
(699, 98, 19),
(700, 98, 10),
(701, 98, 82),
(702, 98, 68),
(703, 99, 34),
(704, 99, 17),
(705, 21, 61),
(706, 100, 61),
(707, 21, 52),
(708, 100, 52),
(709, 21, 47),
(710, 100, 47),
(711, 21, 58),
(712, 100, 58),
(713, 101, 67),
(714, 101, 17),
(715, 101, 48),
(716, 101, 63),
(717, 101, 59),
(718, 101, 42),
(719, 101, 2),
(720, 102, 46),
(721, 102, 77),
(722, 102, 81),
(723, 102, 19),
(724, 102, 82),
(725, 103, 10),
(726, 103, 46),
(727, 104, 45),
(728, 104, 2),
(729, 104, 57),
(730, 104, 16),
(731, 104, 61),
(732, 104, 47),
(733, 104, 4),
(734, 104, 33),
(735, 104, 28),
(736, 105, 37),
(737, 105, 22),
(738, 105, 21),
(739, 105, 23),
(740, 105, 31),
(741, 105, 36),
(742, 105, 24),
(743, 105, 38),
(744, 105, 22),
(745, 105, 21),
(746, 106, 39),
(747, 106, 24),
(748, 106, 23),
(749, 106, 28),
(750, 106, 26),
(751, 106, 33),
(752, 106, 25),
(753, 106, 30),
(754, 106, 32),
(755, 106, 41),
(756, 106, 81),
(757, 107, 2),
(758, 107, 45),
(759, 108, 43),
(760, 108, 61),
(761, 108, 70),
(762, 108, 63),
(763, 108, 16),
(764, 109, 82),
(765, 109, 3),
(766, 109, 77),
(767, 109, 56),
(768, 109, 45),
(769, 110, 2),
(770, 110, 77),
(771, 110, 48),
(772, 110, 63),
(773, 110, 44),
(774, 110, 59),
(775, 110, 46),
(776, 110, 19),
(777, 110, 53),
(778, 110, 67),
(779, 111, 66),
(780, 112, 11),
(781, 112, 45),
(782, 112, 20),
(783, 112, 63),
(784, 112, 56),
(785, 113, 46),
(786, 113, 77),
(787, 113, 19),
(788, 113, 52),
(789, 113, 82),
(790, 113, 10),
(791, 113, 46),
(792, 113, 52),
(793, 114, 49),
(794, 114, 61),
(795, 114, 2),
(796, 114, 15),
(797, 114, 45),
(798, 114, 51),
(799, 114, 42),
(800, 115, 63),
(801, 115, 2),
(802, 115, 66),
(803, 115, 77),
(804, 115, 29),
(805, 115, 35),
(806, 116, 34),
(807, 116, 23),
(808, 116, 22),
(809, 116, 28),
(810, 116, 24),
(811, 116, 21),
(812, 116, 68),
(813, 116, 41),
(814, 116, 26),
(815, 116, 51),
(816, 116, 2),
(817, 117, 63),
(818, 117, 57),
(819, 117, 45),
(820, 117, 33),
(821, 118, 21),
(822, 118, 17),
(823, 118, 32),
(824, 118, 23),
(825, 118, 22),
(826, 118, 46),
(827, 118, 82),
(828, 119, 61),
(829, 119, 52),
(830, 119, 45),
(831, 119, 58),
(832, 120, 59),
(833, 120, 76),
(834, 120, 45),
(835, 121, 46),
(836, 121, 49),
(837, 121, 60),
(838, 121, 70),
(839, 121, 52),
(840, 121, 54),
(841, 121, 2),
(842, 121, 58),
(843, 121, 29),
(844, 122, 35),
(845, 122, 34),
(846, 122, 33),
(847, 122, 22),
(848, 122, 41),
(849, 122, 68),
(850, 122, 24),
(851, 122, 16),
(852, 123, 42),
(853, 123, 2),
(854, 123, 81),
(855, 123, 66),
(856, 123, 19),
(857, 124, 10),
(858, 124, 77),
(859, 124, 82),
(860, 125, 19),
(861, 125, 10),
(862, 125, 43),
(863, 126, 19),
(864, 126, 3),
(865, 126, 69),
(866, 126, 10),
(867, 126, 46),
(868, 128, 19),
(869, 128, 10),
(870, 128, 77),
(871, 128, 82),
(872, 128, 9),
(873, 129, 8),
(874, 129, 12),
(875, 129, 2),
(876, 129, 73),
(877, 129, 19),
(878, 130, 10),
(879, 130, 82),
(880, 131, 77),
(881, 131, 19),
(882, 131, 2),
(883, 131, 31),
(884, 131, 21),
(885, 132, 24),
(886, 132, 33),
(887, 132, 23),
(888, 132, 28),
(889, 132, 26),
(890, 132, 32),
(891, 132, 22),
(892, 132, 29),
(893, 132, 25),
(894, 132, 28),
(895, 132, 33),
(896, 133, 26),
(897, 133, 24),
(898, 133, 31),
(899, 134, 46),
(900, 11, 84),
(901, 11, 85),
(902, 12, 86),
(903, 12, 87),
(904, 12, 88),
(905, 12, 89),
(906, 12, 90),
(907, 12, 91),
(908, 12, 92),
(909, 12, 93),
(910, 13, 94),
(911, 13, 95),
(912, 13, 96),
(913, 13, 97),
(914, 13, 98),
(915, 13, 99),
(916, 13, 100),
(917, 13, 101),
(918, 13, 102),
(919, 13, 103),
(920, 13, 90),
(921, 13, 104),
(922, 13, 84),
(923, 13, 105),
(924, 14, 106),
(925, 14, 107),
(926, 14, 108),
(927, 14, 109),
(928, 15, 89),
(929, 15, 96),
(930, 15, 110),
(931, 15, 111),
(932, 15, 112),
(933, 15, 113),
(934, 16, 114),
(935, 16, 115),
(936, 16, 116),
(937, 16, 94),
(938, 16, 85),
(939, 16, 117),
(940, 16, 84),
(941, 17, 118),
(942, 17, 89),
(943, 17, 93),
(944, 17, 119),
(945, 17, 110),
(946, 17, 120),
(947, 17, 121),
(948, 17, 122),
(949, 17, 123),
(950, 17, 90),
(951, 18, 124),
(952, 18, 125),
(953, 18, 126),
(954, 18, 127),
(955, 18, 128),
(956, 18, 113),
(957, 19, 129),
(958, 19, 127),
(959, 19, 90),
(960, 19, 113),
(961, 19, 117),
(962, 19, 130),
(963, 19, 100),
(964, 19, 131),
(965, 20, 132),
(966, 20, 133),
(967, 20, 134),
(968, 20, 109),
(969, 20, 135),
(970, 20, 93),
(971, 21, 131),
(972, 100, 131),
(973, 21, 136),
(974, 100, 136),
(975, 21, 137),
(976, 100, 137),
(977, 21, 138),
(978, 100, 138),
(979, 21, 139),
(980, 100, 139),
(981, 21, 116),
(982, 100, 116),
(983, 21, 140),
(984, 100, 140),
(985, 21, 141),
(986, 100, 141),
(987, 21, 87),
(988, 100, 87),
(989, 22, 142),
(990, 22, 139),
(991, 22, 109),
(992, 22, 143),
(993, 23, 84),
(994, 23, 144),
(995, 23, 109),
(996, 23, 145),
(997, 23, 146),
(998, 23, 147),
(999, 23, 148),
(1000, 24, 149),
(1001, 24, 90),
(1002, 24, 150),
(1003, 24, 151),
(1004, 24, 152),
(1005, 24, 126),
(1006, 24, 153),
(1007, 24, 154),
(1008, 24, 155),
(1009, 25, 117),
(1010, 25, 89),
(1011, 25, 156),
(1012, 25, 157),
(1013, 25, 142),
(1014, 25, 98),
(1015, 25, 85),
(1016, 26, 84),
(1017, 26, 96),
(1018, 26, 158),
(1019, 26, 159),
(1020, 26, 117),
(1021, 26, 160),
(1022, 26, 144),
(1023, 27, 117),
(1024, 27, 123),
(1025, 27, 161),
(1026, 27, 162),
(1027, 27, 152),
(1028, 27, 89),
(1029, 28, 131),
(1030, 28, 136),
(1031, 28, 87),
(1032, 28, 97),
(1033, 28, 163),
(1034, 28, 141),
(1035, 28, 124),
(1036, 28, 139),
(1037, 28, 150),
(1038, 28, 154),
(1039, 28, 122),
(1040, 29, 107),
(1041, 29, 85),
(1042, 30, 120),
(1043, 30, 127),
(1044, 30, 121),
(1045, 30, 89),
(1046, 31, 100),
(1047, 31, 130),
(1048, 31, 109),
(1049, 32, 114),
(1050, 32, 85),
(1051, 32, 94),
(1052, 32, 84),
(1053, 33, 131),
(1054, 33, 136),
(1055, 33, 97),
(1056, 33, 141),
(1057, 33, 139),
(1058, 33, 140),
(1059, 33, 126),
(1060, 33, 153),
(1061, 33, 148),
(1062, 33, 155),
(1063, 34, 116),
(1064, 34, 119),
(1065, 34, 109),
(1066, 35, 114),
(1067, 35, 148),
(1068, 35, 162),
(1069, 35, 121),
(1070, 36, 109),
(1071, 36, 93),
(1072, 38, 132),
(1073, 39, 132),
(1074, 39, 100),
(1075, 39, 96),
(1076, 40, 127),
(1077, 40, 162),
(1078, 41, 116),
(1079, 41, 154),
(1080, 41, 97),
(1081, 41, 136),
(1082, 41, 91),
(1083, 41, 94),
(1084, 41, 148),
(1085, 42, 136),
(1086, 42, 144),
(1087, 42, 122),
(1088, 42, 85),
(1089, 42, 104),
(1090, 42, 84),
(1091, 42, 147),
(1092, 43, 103),
(1093, 43, 162),
(1094, 44, 114),
(1095, 44, 117),
(1096, 44, 91),
(1097, 44, 98),
(1098, 45, 141),
(1099, 45, 100),
(1100, 45, 159),
(1101, 46, 91),
(1102, 46, 84),
(1103, 47, 139),
(1104, 48, 127),
(1105, 48, 160),
(1106, 49, 129),
(1107, 49, 125),
(1108, 49, 85),
(1109, 49, 123),
(1110, 50, 123),
(1111, 50, 122),
(1112, 51, 131),
(1113, 51, 136),
(1114, 51, 139),
(1115, 51, 153),
(1116, 51, 150),
(1117, 51, 154),
(1118, 53, 154),
(1119, 53, 85),
(1120, 53, 148),
(1121, 54, 110),
(1122, 54, 128),
(1123, 55, 130),
(1124, 56, 154),
(1125, 56, 148),
(1126, 56, 98),
(1127, 56, 85),
(1128, 56, 124),
(1129, 56, 131),
(1130, 56, 141),
(1131, 57, 87),
(1132, 57, 94),
(1133, 57, 86),
(1134, 57, 97),
(1135, 57, 91),
(1136, 57, 131),
(1137, 57, 103),
(1138, 57, 139),
(1139, 58, 115),
(1140, 58, 109),
(1141, 58, 114),
(1142, 58, 117),
(1143, 59, 131),
(1144, 59, 136),
(1145, 59, 139),
(1146, 59, 84),
(1147, 59, 146),
(1148, 59, 144),
(1149, 59, 100),
(1150, 61, 131),
(1151, 61, 136),
(1152, 61, 149),
(1153, 61, 84),
(1154, 61, 134),
(1155, 62, 109),
(1156, 63, 154),
(1157, 63, 83),
(1158, 63, 148),
(1159, 63, 86),
(1160, 63, 85),
(1161, 63, 112),
(1162, 63, 113),
(1163, 63, 141),
(1164, 63, 115),
(1165, 63, 162),
(1166, 63, 95),
(1167, 63, 153),
(1168, 64, 114),
(1169, 64, 127),
(1170, 64, 130),
(1171, 64, 117),
(1172, 64, 84),
(1173, 65, 154),
(1174, 65, 85),
(1175, 65, 133),
(1176, 66, 144),
(1177, 66, 92),
(1178, 66, 148),
(1179, 66, 84),
(1180, 66, 85),
(1181, 66, 83),
(1182, 67, 101),
(1183, 67, 154),
(1184, 67, 98),
(1185, 67, 94),
(1186, 67, 139),
(1187, 67, 148),
(1188, 68, 129),
(1189, 68, 112),
(1190, 68, 99),
(1191, 69, 117),
(1192, 69, 118),
(1193, 69, 98),
(1194, 69, 129),
(1195, 69, 111),
(1196, 69, 100),
(1197, 70, 102),
(1198, 70, 154),
(1199, 70, 85),
(1200, 70, 122),
(1201, 71, 100),
(1202, 71, 117),
(1203, 72, 85),
(1204, 72, 138),
(1205, 72, 91),
(1206, 73, 116),
(1207, 73, 142),
(1208, 73, 154),
(1209, 73, 162),
(1210, 73, 105),
(1211, 74, 157),
(1212, 74, 117),
(1213, 75, 140),
(1214, 75, 139),
(1215, 75, 128),
(1216, 75, 136),
(1217, 76, 135),
(1218, 76, 144),
(1219, 76, 84),
(1220, 76, 138),
(1221, 76, 148),
(1222, 76, 116),
(1223, 76, 109),
(1224, 77, 96),
(1225, 77, 98),
(1226, 77, 117),
(1227, 77, 100),
(1228, 78, 110),
(1229, 78, 117),
(1230, 79, 160),
(1231, 79, 105),
(1232, 79, 154),
(1233, 80, 141),
(1234, 80, 154),
(1235, 80, 91),
(1236, 81, 153),
(1237, 81, 83),
(1238, 81, 101),
(1239, 81, 123),
(1240, 81, 98),
(1241, 81, 162),
(1242, 82, 100),
(1243, 82, 152),
(1244, 82, 127),
(1245, 82, 134),
(1246, 82, 110),
(1247, 83, 139),
(1248, 83, 105),
(1249, 83, 122),
(1250, 83, 142),
(1251, 84, 154),
(1252, 84, 112),
(1253, 85, 128),
(1254, 85, 103),
(1255, 85, 127),
(1256, 85, 87),
(1257, 85, 131),
(1258, 86, 136),
(1259, 86, 105),
(1260, 86, 139),
(1261, 86, 100),
(1262, 86, 92),
(1263, 87, 148),
(1264, 87, 137),
(1265, 87, 139),
(1266, 87, 116),
(1267, 88, 119),
(1268, 88, 98),
(1269, 88, 127),
(1270, 88, 93),
(1271, 88, 141),
(1272, 89, 154),
(1273, 90, 93),
(1274, 90, 111),
(1275, 90, 114),
(1276, 90, 120),
(1277, 91, 139),
(1278, 91, 122),
(1279, 91, 112),
(1280, 91, 109),
(1281, 91, 105),
(1282, 93, 114),
(1283, 94, 98),
(1284, 94, 143),
(1285, 94, 155),
(1286, 95, 113),
(1287, 95, 90),
(1288, 95, 110),
(1289, 95, 149),
(1290, 95, 136),
(1291, 95, 131),
(1292, 96, 141),
(1293, 96, 97),
(1294, 96, 154),
(1295, 96, 124),
(1296, 96, 131),
(1297, 97, 136),
(1298, 97, 129),
(1299, 97, 153),
(1300, 97, 126),
(1301, 97, 154),
(1302, 98, 154),
(1303, 98, 133),
(1304, 98, 112),
(1305, 99, 127),
(1306, 99, 121),
(1307, 99, 120),
(1308, 99, 122),
(1309, 99, 139),
(1310, 99, 97),
(1311, 21, 131),
(1312, 100, 131),
(1313, 21, 136),
(1314, 100, 136),
(1315, 21, 155),
(1316, 100, 155),
(1317, 21, 141),
(1318, 100, 141),
(1319, 21, 154),
(1320, 100, 154),
(1321, 21, 124),
(1322, 100, 124),
(1323, 21, 117),
(1324, 100, 117),
(1325, 101, 114),
(1326, 101, 93),
(1327, 101, 136),
(1328, 101, 144),
(1329, 102, 131),
(1330, 103, 154),
(1331, 103, 139),
(1332, 103, 148),
(1333, 103, 90),
(1334, 103, 131),
(1335, 103, 139),
(1336, 104, 136),
(1337, 106, 147),
(1338, 106, 118),
(1339, 106, 133),
(1340, 106, 116),
(1341, 107, 131),
(1342, 107, 136),
(1343, 107, 97),
(1344, 107, 98),
(1345, 107, 141),
(1346, 107, 154),
(1347, 107, 139),
(1348, 108, 108),
(1349, 108, 132),
(1350, 108, 104),
(1351, 108, 153),
(1352, 109, 98),
(1353, 109, 90),
(1354, 109, 160),
(1355, 109, 149),
(1356, 109, 94),
(1357, 109, 125),
(1358, 110, 85),
(1359, 110, 107),
(1360, 110, 152),
(1361, 111, 160),
(1362, 111, 120),
(1363, 112, 107),
(1364, 112, 88),
(1365, 113, 115),
(1366, 113, 87),
(1367, 113, 154),
(1368, 114, 141),
(1369, 114, 85),
(1370, 114, 83),
(1371, 114, 117),
(1372, 114, 139),
(1373, 115, 91),
(1374, 115, 159),
(1375, 115, 117),
(1376, 115, 106),
(1377, 116, 110),
(1378, 117, 108),
(1379, 117, 129),
(1380, 118, 113),
(1381, 118, 90),
(1382, 118, 127),
(1383, 119, 105),
(1384, 119, 85),
(1385, 119, 136),
(1386, 119, 95),
(1387, 120, 157),
(1388, 120, 156),
(1389, 120, 137),
(1390, 121, 86),
(1391, 121, 122),
(1392, 122, 129),
(1393, 122, 89),
(1394, 122, 120),
(1395, 123, 162),
(1396, 123, 148),
(1397, 123, 91),
(1398, 124, 154),
(1399, 124, 116),
(1400, 124, 153),
(1401, 125, 154),
(1402, 125, 90),
(1403, 125, 148),
(1404, 125, 126),
(1405, 125, 119),
(1406, 125, 94),
(1407, 125, 125),
(1408, 125, 122),
(1409, 127, 100),
(1410, 127, 98),
(1411, 127, 137),
(1412, 128, 154),
(1413, 128, 137),
(1414, 128, 116),
(1415, 128, 141),
(1416, 128, 148),
(1417, 128, 85),
(1418, 129, 103),
(1419, 129, 154),
(1420, 130, 83),
(1421, 130, 112),
(1422, 130, 148),
(1423, 130, 131),
(1424, 130, 85),
(1425, 130, 153),
(1426, 130, 141),
(1427, 130, 154),
(1428, 131, 156),
(1429, 131, 139),
(1430, 131, 113),
(1431, 133, 118),
(1432, 133, 109),
(1433, 133, 111),
(1434, 133, 129),
(1435, 28, 164),
(1436, 28, 165),
(1437, 29, 166),
(1438, 29, 167),
(1439, 29, 168),
(1440, 30, 169),
(1441, 30, 170),
(1442, 30, 171),
(1443, 30, 172),
(1444, 30, 173),
(1445, 31, 174),
(1446, 32, 175),
(1447, 32, 176),
(1448, 33, 164),
(1449, 33, 177),
(1450, 33, 178),
(1451, 33, 179),
(1452, 33, 180),
(1453, 34, 181),
(1454, 34, 182),
(1455, 34, 183),
(1456, 34, 184),
(1457, 35, 185),
(1458, 35, 186),
(1459, 36, 176),
(1460, 36, 187),
(1461, 36, 188),
(1462, 36, 189),
(1463, 37, 190),
(1464, 37, 191),
(1465, 38, 192),
(1466, 38, 188),
(1467, 38, 176),
(1468, 38, 193),
(1469, 38, 194),
(1470, 38, 195),
(1471, 38, 196),
(1472, 38, 197),
(1473, 38, 198),
(1474, 39, 176),
(1475, 39, 199),
(1476, 39, 200),
(1477, 39, 201),
(1478, 39, 202),
(1479, 40, 186),
(1480, 40, 203),
(1481, 41, 204),
(1482, 41, 181),
(1483, 41, 205),
(1484, 42, 206),
(1485, 42, 207),
(1486, 42, 208),
(1487, 43, 209),
(1488, 44, 210),
(1489, 44, 175),
(1490, 44, 211),
(1491, 45, 203),
(1492, 45, 174),
(1493, 46, 212),
(1494, 46, 213),
(1495, 46, 181),
(1496, 47, 214),
(1497, 47, 215),
(1498, 47, 216),
(1499, 47, 217),
(1500, 48, 218),
(1501, 48, 219),
(1502, 48, 220),
(1503, 48, 221),
(1504, 48, 222),
(1505, 48, 223),
(1506, 48, 224),
(1507, 48, 225),
(1508, 48, 226),
(1509, 49, 227),
(1510, 49, 228),
(1511, 49, 181),
(1512, 49, 229),
(1513, 49, 230),
(1514, 49, 231),
(1515, 50, 167),
(1516, 50, 196),
(1517, 50, 224),
(1518, 50, 232),
(1519, 50, 233),
(1520, 50, 234),
(1521, 50, 235),
(1522, 51, 223),
(1523, 51, 236),
(1524, 51, 237),
(1525, 51, 238),
(1526, 51, 168),
(1527, 52, 189),
(1528, 52, 239),
(1529, 52, 240),
(1530, 52, 168),
(1531, 52, 197),
(1532, 53, 241),
(1533, 53, 242),
(1534, 54, 243),
(1535, 54, 231),
(1536, 54, 170),
(1537, 54, 244),
(1538, 54, 245),
(1539, 54, 177),
(1540, 57, 231),
(1541, 57, 218),
(1542, 57, 165),
(1543, 58, 186),
(1544, 59, 204),
(1545, 59, 223),
(1546, 59, 238),
(1547, 60, 202),
(1548, 61, 178),
(1549, 63, 186),
(1550, 64, 181),
(1551, 65, 243),
(1552, 65, 230),
(1553, 65, 172),
(1554, 68, 181),
(1555, 69, 175),
(1556, 70, 215),
(1557, 72, 214),
(1558, 72, 215),
(1559, 72, 238),
(1560, 74, 224),
(1561, 74, 167),
(1562, 74, 174),
(1563, 75, 178),
(1564, 75, 208),
(1565, 75, 217),
(1566, 78, 211),
(1567, 79, 222),
(1568, 79, 172),
(1569, 80, 231),
(1570, 82, 187),
(1571, 83, 209),
(1572, 83, 167),
(1573, 83, 216),
(1574, 84, 173),
(1575, 85, 187),
(1576, 88, 170),
(1577, 89, 168),
(1578, 90, 173),
(1579, 91, 214),
(1580, 91, 207),
(1581, 91, 208),
(1582, 93, 179),
(1583, 93, 205),
(1584, 95, 181),
(1585, 95, 178),
(1586, 96, 164),
(1587, 96, 180),
(1588, 96, 212),
(1589, 98, 172),
(1590, 98, 232),
(1591, 98, 170),
(1592, 99, 171),
(1593, 99, 227),
(1594, 99, 244),
(1595, 101, 199),
(1596, 101, 186),
(1597, 101, 213),
(1598, 102, 243),
(1599, 102, 179),
(1600, 104, 180),
(1601, 104, 172),
(1602, 104, 182),
(1603, 104, 164),
(1604, 105, 193),
(1605, 105, 240),
(1606, 107, 204),
(1607, 107, 218),
(1608, 107, 233),
(1609, 107, 209),
(1610, 107, 211),
(1611, 107, 166),
(1612, 107, 222),
(1613, 108, 233),
(1614, 108, 209),
(1615, 108, 208),
(1616, 109, 236),
(1617, 110, 214),
(1618, 110, 223),
(1619, 111, 238),
(1620, 111, 219),
(1621, 111, 226),
(1622, 112, 230),
(1623, 112, 177),
(1624, 112, 211),
(1625, 112, 166),
(1626, 114, 164),
(1627, 115, 175),
(1628, 116, 239),
(1629, 118, 187),
(1630, 119, 204),
(1631, 119, 215),
(1632, 119, 210),
(1633, 119, 175),
(1634, 121, 215),
(1635, 121, 214),
(1636, 121, 199),
(1637, 123, 241),
(1638, 124, 186),
(1639, 125, 207),
(1640, 126, 204),
(1641, 127, 241),
(1642, 129, 174),
(1643, 130, 179),
(1644, 131, 180),
(1645, 132, 197),
(1646, 132, 191),
(1647, 132, 239),
(1648, 132, 192),
(1649, 132, 240),
(1650, 132, 176),
(1651, 132, 189),
(1652, 134, 202),
(1653, 54, 246),
(1654, 56, 247),
(1655, 56, 248),
(1656, 56, 249),
(1657, 56, 250),
(1658, 56, 251),
(1659, 57, 252),
(1660, 57, 253),
(1661, 57, 254),
(1662, 57, 255),
(1663, 57, 256),
(1664, 58, 257),
(1665, 59, 258),
(1666, 60, 259),
(1667, 60, 260),
(1668, 61, 261),
(1669, 61, 262),
(1670, 61, 263),
(1671, 62, 264),
(1672, 62, 265),
(1673, 63, 266),
(1674, 63, 267),
(1675, 63, 268),
(1676, 64, 269),
(1677, 65, 253),
(1678, 65, 270),
(1679, 66, 271),
(1680, 66, 272),
(1681, 66, 273),
(1682, 67, 274),
(1683, 68, 275),
(1684, 68, 276),
(1685, 68, 277),
(1686, 68, 278),
(1687, 68, 279),
(1688, 69, 280),
(1689, 69, 281),
(1690, 69, 282),
(1691, 70, 283),
(1692, 71, 284),
(1693, 71, 285),
(1694, 72, 286),
(1695, 72, 276),
(1696, 72, 287),
(1697, 72, 253),
(1698, 72, 288),
(1699, 72, 289),
(1700, 72, 290),
(1701, 72, 291),
(1702, 72, 292),
(1703, 73, 293),
(1704, 74, 294),
(1705, 75, 295),
(1706, 75, 246),
(1707, 75, 296),
(1708, 75, 256),
(1709, 75, 297),
(1710, 75, 298),
(1711, 77, 299),
(1712, 77, 300),
(1713, 78, 301),
(1714, 78, 255),
(1715, 78, 302),
(1716, 78, 303),
(1717, 79, 304),
(1718, 79, 281),
(1719, 80, 305),
(1720, 80, 306),
(1721, 80, 307),
(1722, 81, 308),
(1723, 81, 293),
(1724, 81, 309),
(1725, 81, 292),
(1726, 82, 310),
(1727, 82, 311),
(1728, 83, 312),
(1729, 83, 313),
(1730, 83, 269),
(1731, 83, 314),
(1732, 83, 315),
(1733, 84, 316),
(1734, 84, 293),
(1735, 84, 317),
(1736, 84, 318),
(1737, 85, 297),
(1738, 86, 319),
(1739, 86, 256),
(1740, 86, 320),
(1741, 86, 321),
(1742, 86, 322),
(1743, 87, 323),
(1744, 87, 279),
(1745, 87, 263),
(1746, 88, 324),
(1747, 88, 325),
(1748, 88, 250),
(1749, 88, 326),
(1750, 89, 304),
(1751, 90, 291),
(1752, 91, 314),
(1753, 92, 305),
(1754, 92, 306),
(1755, 92, 321),
(1756, 92, 322),
(1757, 92, 307),
(1758, 92, 280),
(1759, 97, 273),
(1760, 97, 285),
(1761, 98, 323),
(1762, 98, 273),
(1763, 99, 325),
(1764, 99, 246),
(1765, 21, 266),
(1766, 100, 266),
(1767, 102, 261),
(1768, 103, 312),
(1769, 106, 305),
(1770, 106, 281),
(1771, 106, 298),
(1772, 107, 276),
(1773, 107, 258),
(1774, 108, 312),
(1775, 108, 303),
(1776, 108, 318),
(1777, 108, 275),
(1778, 108, 307),
(1779, 109, 305),
(1780, 109, 270),
(1781, 109, 297),
(1782, 113, 312),
(1783, 114, 312),
(1784, 120, 312),
(1785, 121, 324),
(1786, 121, 281),
(1787, 122, 286),
(1788, 122, 294),
(1789, 123, 278),
(1790, 124, 318),
(1791, 124, 268),
(1792, 124, 255),
(1793, 125, 312),
(1794, 127, 268),
(1795, 133, 281),
(1796, 134, 291),
(1797, 88, 327),
(1798, 89, 328),
(1799, 90, 329),
(1800, 90, 330),
(1801, 90, 331),
(1802, 90, 332),
(1803, 91, 333),
(1804, 91, 334),
(1805, 92, 335),
(1806, 94, 336),
(1807, 94, 337),
(1808, 94, 338),
(1809, 94, 339),
(1810, 94, 340),
(1811, 94, 341),
(1812, 94, 342),
(1813, 96, 343),
(1814, 97, 344),
(1815, 97, 345),
(1816, 97, 346),
(1817, 98, 347),
(1818, 98, 348),
(1819, 99, 349),
(1820, 99, 350),
(1821, 99, 351),
(1822, 99, 352),
(1823, 21, 353),
(1824, 100, 353),
(1825, 21, 354),
(1826, 100, 354),
(1827, 101, 355),
(1828, 103, 356),
(1829, 103, 357),
(1830, 103, 358),
(1831, 104, 327),
(1832, 105, 359),
(1833, 105, 360),
(1834, 105, 361),
(1835, 106, 362),
(1836, 108, 363),
(1837, 108, 364),
(1838, 108, 365),
(1839, 108, 366),
(1840, 109, 367),
(1841, 110, 364),
(1842, 110, 368),
(1843, 111, 369),
(1844, 111, 370),
(1845, 112, 371),
(1846, 112, 372),
(1847, 114, 373),
(1848, 114, 353),
(1849, 115, 374),
(1850, 116, 375),
(1851, 116, 376),
(1852, 117, 377),
(1853, 117, 378),
(1854, 118, 361),
(1855, 119, 379),
(1856, 120, 380),
(1857, 121, 327),
(1858, 121, 357),
(1859, 121, 381),
(1860, 121, 349),
(1861, 121, 382),
(1862, 123, 383),
(1863, 124, 384),
(1864, 124, 385),
(1865, 124, 377),
(1866, 124, 332),
(1867, 124, 386),
(1868, 124, 387),
(1869, 124, 341),
(1870, 125, 335),
(1871, 125, 388),
(1872, 126, 352),
(1873, 127, 389),
(1874, 127, 335),
(1875, 129, 390),
(1876, 129, 364),
(1877, 129, 377),
(1878, 130, 391),
(1879, 130, 392),
(1880, 130, 393),
(1881, 130, 385),
(1882, 131, 385),
(1883, 131, 394),
(1884, 131, 380),
(1885, 131, 395),
(1886, 132, 396),
(1887, 132, 361),
(1888, 132, 328);

-- --------------------------------------------------------

--
-- Struktur dari tabel `failed_jobs`
--

CREATE TABLE `failed_jobs` (
  `id` bigint(20) UNSIGNED NOT NULL,
  `uuid` varchar(255) NOT NULL,
  `connection` text NOT NULL,
  `queue` text NOT NULL,
  `payload` longtext NOT NULL,
  `exception` longtext NOT NULL,
  `failed_at` timestamp NOT NULL DEFAULT current_timestamp()
) ENGINE=InnoDB DEFAULT CHARSET=utf8mb4 COLLATE=utf8mb4_unicode_ci;

-- --------------------------------------------------------

--
-- Struktur dari tabel `migrations`
--

CREATE TABLE `migrations` (
  `id` int(10) UNSIGNED NOT NULL,
  `migration` varchar(255) NOT NULL,
  `batch` int(11) NOT NULL
) ENGINE=InnoDB DEFAULT CHARSET=utf8mb4 COLLATE=utf8mb4_unicode_ci;

--
-- Dumping data untuk tabel `migrations`
--

INSERT INTO `migrations` (`id`, `migration`, `batch`) VALUES
(5, '2014_10_12_000000_create_users_table', 1),
(6, '2014_10_12_100000_create_password_reset_tokens_table', 1),
(7, '2019_08_19_000000_create_failed_jobs_table', 1),
(8, '2019_12_14_000001_create_personal_access_tokens_table', 1);

-- --------------------------------------------------------

--
-- Struktur dari tabel `password_reset_tokens`
--

CREATE TABLE `password_reset_tokens` (
  `email` varchar(255) NOT NULL,
  `token` varchar(255) NOT NULL,
  `created_at` timestamp NULL DEFAULT NULL
) ENGINE=InnoDB DEFAULT CHARSET=utf8mb4 COLLATE=utf8mb4_unicode_ci;

-- --------------------------------------------------------

--
-- Struktur dari tabel `personal_access_tokens`
--

CREATE TABLE `personal_access_tokens` (
  `id` bigint(20) UNSIGNED NOT NULL,
  `tokenable_type` varchar(255) NOT NULL,
  `tokenable_id` bigint(20) UNSIGNED NOT NULL,
  `name` varchar(255) NOT NULL,
  `token` varchar(64) NOT NULL,
  `abilities` text DEFAULT NULL,
  `last_used_at` timestamp NULL DEFAULT NULL,
  `expires_at` timestamp NULL DEFAULT NULL,
  `created_at` timestamp NULL DEFAULT NULL,
  `updated_at` timestamp NULL DEFAULT NULL
) ENGINE=InnoDB DEFAULT CHARSET=utf8mb4 COLLATE=utf8mb4_unicode_ci;

--
-- Dumping data untuk tabel `personal_access_tokens`
--

INSERT INTO `personal_access_tokens` (`id`, `tokenable_type`, `tokenable_id`, `name`, `token`, `abilities`, `last_used_at`, `expires_at`, `created_at`, `updated_at`) VALUES
(1, 'App\\Models\\User', 1, 'userToken', '2de39d87da6d1decafa4956909962ee46bef238ddac14693d21a80a788751c1c', '[\"*\"]', '2023-07-19 14:23:08', NULL, '2023-07-02 23:20:22', '2023-07-19 14:23:08'),
(16, 'App\\Models\\User', 4, 'userToken', '0dbf0f568d6407fc886fc1cb9b131e69245b876470ad71dab8a142228b4f7049', '[\"*\"]', NULL, NULL, '2023-07-20 03:12:58', '2023-07-20 03:12:58'),
(17, 'App\\Models\\User', 5, 'userToken', 'ede174a5127ac860c507dff8a62e0185ed241d8f8d7045dd1c13c75e98e668c1', '[\"*\"]', NULL, NULL, '2023-07-20 03:36:27', '2023-07-20 03:36:27'),
(18, 'App\\Models\\User', 6, 'userToken', '5e8608516acfb50231aa3c5b4dc61bf8c1e8440c1012ef1f2d3407cd6ce32764', '[\"*\"]', NULL, NULL, '2023-07-20 03:39:39', '2023-07-20 03:39:39'),
(22, 'App\\Models\\User', 2, 'userToken', '8c68c49ef1590b54d8e40cf841fc9312804c2eb2e2120711cfa5d9f1f783318e', '[\"*\"]', NULL, NULL, '2023-08-09 13:45:52', '2023-08-09 13:45:52'),
(23, 'App\\Models\\User', 10, 'userToken', '73c7359cb574af9f9fd857a0f12c02136e8fd2e84b30f43e543723082f898b14', '[\"*\"]', NULL, NULL, '2023-08-09 13:47:47', '2023-08-09 13:47:47');

-- --------------------------------------------------------

--
-- Struktur dari tabel `symptoms`
--

CREATE TABLE `symptoms` (
  `id` int(11) NOT NULL,
  `symptom_name` varchar(255) DEFAULT NULL
) ENGINE=InnoDB DEFAULT CHARSET=utf8mb4 COLLATE=utf8mb4_general_ci;

--
-- Dumping data untuk tabel `symptoms`
--

INSERT INTO `symptoms` (`id`, `symptom_name`) VALUES
(1, 'pain chest'),
(2, 'shortness of breath'),
(3, 'dizziness'),
(4, 'asthenia'),
(5, 'fall'),
(6, 'syncope'),
(7, 'vertigo'),
(8, 'sweat'),
(9, 'palpitation'),
(10, 'nausea'),
(11, 'angina pectoris'),
(12, 'pressure chest'),
(13, 'polyuria'),
(14, 'polydypsia'),
(15, 'orthopnea'),
(16, 'rale'),
(17, 'unresponsiveness'),
(18, 'mental status changes'),
(19, 'vomiting'),
(20, 'labored breathing'),
(21, 'feeling suicidal'),
(22, 'suicidal'),
(23, 'hallucinations auditory'),
(24, 'feeling hopeless'),
(25, 'weepiness'),
(26, 'sleeplessness'),
(27, 'motor retardation'),
(28, 'irritable mood'),
(29, 'blackout'),
(30, 'mood depressed'),
(31, 'hallucinations visual'),
(32, 'worry'),
(33, 'agitation'),
(34, 'tremor'),
(35, 'intoxication'),
(36, 'verbal auditory hallucinations'),
(37, 'energy increased'),
(38, 'difficulty'),
(39, 'nightmare'),
(40, 'unable to concentrate'),
(41, 'homelessness'),
(42, 'hypokinesia'),
(43, 'dyspnea on exertion'),
(44, 'chest tightness'),
(45, 'cough'),
(46, 'fever'),
(47, 'decreased translucency'),
(48, 'productive cough'),
(49, 'pleuritic pain'),
(50, 'yellow sputum'),
(51, 'breath sounds decreased'),
(52, 'chill'),
(53, 'rhonchus'),
(54, 'green sputum'),
(55, 'non-productive cough'),
(56, 'wheezing'),
(57, 'haemoptysis'),
(58, 'distress respiratory'),
(59, 'tachypnea'),
(60, 'malaise'),
(61, 'night sweat'),
(62, 'jugular venous distention'),
(63, 'dyspnea'),
(64, 'dysarthria'),
(65, 'speech slurred'),
(66, 'facial paresis'),
(67, 'hemiplegia'),
(68, 'seizure'),
(69, 'numbness'),
(70, 'symptom aggravating factors'),
(71, 'st segment elevation'),
(72, 'st segment depression'),
(73, 't wave inverted'),
(74, 'presence of q wave'),
(75, 'chest discomfort'),
(76, 'bradycardia'),
(77, 'pain'),
(78, 'nonsmoker'),
(79, 'erythema'),
(80, 'hepatosplenomegaly'),
(81, 'pruritus'),
(82, 'diarrhea'),
(83, 'abscess bacterial'),
(84, 'swelling'),
(85, 'apyrexial'),
(86, 'dysuria'),
(87, 'hematuria'),
(88, 'renal angle tenderness'),
(89, 'lethargy'),
(90, 'hyponatremia'),
(91, 'hemodynamically stable'),
(92, 'difficulty passing urine'),
(93, 'consciousness clear'),
(94, 'guaiac positive'),
(95, 'monoclonal'),
(96, 'ecchymosis'),
(97, 'tumor cell invasion'),
(98, 'haemorrhage'),
(99, 'pallor'),
(100, 'fatigue'),
(101, 'heme positive'),
(102, 'pain back'),
(103, 'orthostasis'),
(104, 'arthralgia'),
(105, 'transaminitis'),
(106, 'sputum purulent'),
(107, 'hypoxemia'),
(108, 'hypercapnia'),
(109, 'patient non compliance'),
(110, 'unconscious state'),
(111, 'bedridden'),
(112, 'abdominal tenderness'),
(113, 'unsteady gait'),
(114, 'hyperkalemia'),
(115, 'urgency of micturition'),
(116, 'ascites'),
(117, 'hypotension'),
(118, 'enuresis'),
(119, 'asterixis'),
(120, 'muscle twitch'),
(121, 'sleepy'),
(122, 'headache'),
(123, 'lightheadedness'),
(124, 'food intolerance'),
(125, 'numbness of hand'),
(126, 'general discomfort'),
(127, 'drowsiness'),
(128, 'stiffness'),
(129, 'prostatism'),
(130, 'weight gain'),
(131, 'mass of body structure'),
(132, 'has religious belief'),
(133, 'nervousness'),
(134, 'formication'),
(135, 'hot flush'),
(136, 'lesion'),
(137, 'cushingoid facies'),
(138, 'emphysematous change'),
(139, 'decreased body weight'),
(140, 'hoarseness'),
(141, 'thicken'),
(142, 'spontaneous rupture of membranes'),
(143, 'muscle hypotonia'),
(144, 'redness'),
(145, 'hypesthesia'),
(146, 'hyperacusis'),
(147, 'scratch marks'),
(148, 'sore to touch'),
(149, 'burning sensation'),
(150, 'satiety early'),
(151, 'throbbing sensation quality'),
(152, 'sensory discomfort'),
(153, 'constipation'),
(154, 'pain abdominal'),
(155, 'heartburn'),
(156, 'breech presentation'),
(157, 'cyanosis'),
(158, 'pain in lower limb'),
(159, 'cardiomegaly'),
(160, 'clonus'),
(161, 'unwell'),
(162, 'anorexia'),
(163, 'anosmia'),
(164, 'metastatic lesion'),
(165, 'hemianopsia homonymous'),
(166, 'hematocrit decreased'),
(167, 'neck stiffness'),
(168, 'cicatrisation'),
(169, 'hypometabolism'),
(170, 'aura'),
(171, 'myoclonus'),
(172, 'gurgle'),
(173, 'wheelchair bound'),
(174, 'left atrial hypertrophy'),
(175, 'oliguria'),
(176, 'catatonia'),
(177, 'unhappy'),
(178, 'paresthesia'),
(179, 'gravida 0'),
(180, 'lung nodule'),
(181, 'distended abdomen'),
(182, 'ache'),
(183, 'macerated skin'),
(184, 'heavy feeling'),
(185, 'rest pain'),
(186, 'sinus rhythm'),
(187, 'withdraw'),
(188, 'behavior hyperactive'),
(189, 'terrify'),
(190, 'photopsia'),
(191, 'giddy mood'),
(192, 'disturbed family'),
(193, 'hypersomnia'),
(194, 'hyperhidrosis disorder'),
(195, 'mydriasis'),
(196, 'extrapyramidal sign'),
(197, 'loose associations'),
(198, 'exhaustion'),
(199, 'snore'),
(200, 'r wave feature'),
(201, 'overweight'),
(202, 'systolic murmur'),
(203, 'asymptomatic'),
(204, 'splenomegaly'),
(205, 'bleeding of vagina'),
(206, 'macule'),
(207, 'photophobia'),
(208, 'painful swallowing'),
(209, 'cachexia'),
(210, 'hypocalcemia result'),
(211, 'hypothermia, natural'),
(212, 'atypia'),
(213, 'general unsteadiness'),
(214, 'throat sore'),
(215, 'snuffle'),
(216, 'hacking cough'),
(217, 'stridor'),
(218, 'paresis'),
(219, 'aphagia'),
(220, 'focal seizures'),
(221, 'abnormal sensation'),
(222, 'stupor'),
(223, 'fremitus'),
(224, 'Stahli\'s line'),
(225, 'stinging sensation'),
(226, 'paralyse'),
(227, 'hirsutism'),
(228, 'sniffle'),
(229, 'bradykinesia'),
(230, 'out of breath'),
(231, 'urge incontinence'),
(232, 'vision blurred'),
(233, 'room spinning'),
(234, 'rambling speech'),
(235, 'clumsiness'),
(236, 'decreased stool caliber'),
(237, 'hematochezia'),
(238, 'egophony'),
(239, 'neologism'),
(240, 'decompensation'),
(241, 'stool color yellow'),
(242, 'rigor - temperature-associated observation'),
(243, 'paraparesis'),
(244, 'moody'),
(245, 'fear of falling'),
(246, 'spasm'),
(247, 'hyperventilation'),
(248, 'excruciating pain'),
(249, 'gag'),
(250, 'posturing'),
(251, 'pulse absent'),
(252, 'dysesthesia'),
(253, 'polymyalgia'),
(254, 'passed stones'),
(255, 'qt interval prolonged'),
(256, 'ataxia'),
(257, 'Heberden\'s node'),
(258, 'hepatomegaly'),
(259, 'sciatica'),
(260, 'frothy sputum'),
(261, 'mass in breast'),
(262, 'retropulsion'),
(263, 'estrogen use'),
(264, 'hypersomnolence'),
(265, 'underweight'),
(266, 'dullness'),
(267, 'red blotches'),
(268, 'colic abdominal'),
(269, 'hypokalemia'),
(270, 'hunger'),
(271, 'prostate tender'),
(272, 'pain foot'),
(273, 'urinary hesitation'),
(274, 'disequilibrium'),
(275, 'flushing'),
(276, 'indifferent mood'),
(277, 'urinoma'),
(278, 'hypoalbuminemia'),
(279, 'pustule'),
(280, 'slowing of urinary stream'),
(281, 'extreme exhaustion'),
(282, 'no status change'),
(283, 'breakthrough pain'),
(284, 'pansystolic murmur'),
(285, 'systolic ejection murmur'),
(286, 'stuffy nose'),
(287, 'barking cough'),
(288, 'rapid shallow breathing'),
(289, 'noisy respiration'),
(290, 'nasal discharge present'),
(291, 'frail'),
(292, 'cystic lesion'),
(293, 'projectile vomiting'),
(294, 'heavy legs'),
(295, 'titubation'),
(296, 'dysdiadochokinesia'),
(297, 'achalasia'),
(298, 'side pain'),
(299, 'monocytosis'),
(300, 'posterior rhinorrhea'),
(301, 'incoherent'),
(302, 'lameness'),
(303, 'clammy skin'),
(304, 'mediastinal shift'),
(305, 'nausea and vomiting'),
(306, 'awakening early'),
(307, 'tenesmus'),
(308, 'fecaluria'),
(309, 'pneumatouria'),
(310, 'todd paralysis'),
(311, 'alcoholic withdrawal symptoms'),
(312, 'myalgia'),
(313, 'dyspareunia'),
(314, 'poor dentition'),
(315, 'floppy'),
(316, 'inappropriate affect'),
(317, 'poor feeding'),
(318, 'moan'),
(319, 'welt'),
(320, 'tinnitus'),
(321, 'hydropneumothorax'),
(322, 'superimposition'),
(323, 'feeling strange'),
(324, 'uncoordination'),
(325, 'absences finding'),
(326, 'tonic seizures'),
(327, 'debilitation'),
(328, 'impaired cognition'),
(329, 'drool'),
(330, 'pin-point pupils'),
(331, 'tremor resting'),
(332, 'groggy'),
(333, 'adverse reaction'),
(334, 'abdominal bloating'),
(335, 'fatigability'),
(336, 'para 2'),
(337, 'abortion'),
(338, 'intermenstrual heavy bleeding'),
(339, 'previous pregnancies 2'),
(340, 'primigravida'),
(341, 'abnormally hard consistency'),
(342, 'proteinemia'),
(343, 'pain neck'),
(344, 'dizzy spells'),
(345, 'shooting pain'),
(346, 'hyperemesis'),
(347, 'milky'),
(348, 'regurgitates after swallowing'),
(349, 'lip smacking'),
(350, 'phonophobia'),
(351, 'rolling of eyes'),
(352, 'ambidexterity'),
(353, 'pulsus paradoxus'),
(354, 'gravida 10'),
(355, 'bruit'),
(356, 'breath-holding spell'),
(357, 'scleral icterus'),
(358, 'retch'),
(359, 'blanch'),
(360, 'elation'),
(361, 'verbally abusive behavior'),
(362, 'transsexual'),
(363, 'behavior showing increased motor activity'),
(364, 'scar tissue'),
(365, 'coordination abnormal'),
(366, 'choke'),
(367, 'bowel sounds decreased'),
(368, 'no known drug allergies'),
(369, 'low back pain'),
(370, 'charleyhorse'),
(371, 'sedentary'),
(372, 'feels hot/feverish'),
(373, 'flare'),
(374, 'pericardial friction rub'),
(375, 'hoard'),
(376, 'panic'),
(377, 'cardiovascular finding'),
(378, 'soft tissue swelling'),
(379, 'rhd positive'),
(380, 'para 1'),
(381, 'nasal flaring'),
(382, 'sneeze'),
(383, 'hypertonicity'),
(384, 'Murphy\'s sign'),
(385, 'flatulence'),
(386, 'gasping for breath'),
(387, 'feces in rectum'),
(388, 'prodrome'),
(389, 'hypoproteinemia'),
(390, 'alcohol binge episode'),
(391, 'abdomen acute'),
(392, 'air fluid level'),
(393, 'catching breath'),
(394, 'large-for-dates fetus'),
(395, 'immobile'),
(396, 'homicidal thoughts');

-- --------------------------------------------------------

--
-- Struktur dari tabel `temp_data`
--

CREATE TABLE `temp_data` (
  `disease_name` varchar(255) DEFAULT NULL,
  `symptom_name` varchar(255) DEFAULT NULL
) ENGINE=InnoDB DEFAULT CHARSET=utf8mb4 COLLATE=utf8mb4_general_ci;

--
-- Dumping data untuk tabel `temp_data`
--

INSERT INTO `temp_data` (`disease_name`, `symptom_name`) VALUES
('hypertensive disease', 'pain chest'),
('hypertensive disease', 'shortness of breath'),
('hypertensive disease', 'dizziness'),
('hypertensive disease', 'asthenia'),
('hypertensive disease', 'fall'),
('hypertensive disease', 'syncope'),
('hypertensive disease', 'vertigo'),
('hypertensive disease', 'sweat'),
('hypertensive disease', 'palpitation'),
('hypertensive disease', 'nausea'),
('hypertensive disease', 'angina pectoris'),
('hypertensive disease', 'pressure chest'),
('diabetes', 'polyuria'),
('diabetes', 'polydypsia'),
('diabetes', 'shortness of breath'),
('diabetes', 'pain chest'),
('diabetes', 'asthenia'),
('diabetes', 'nausea'),
('diabetes', 'orthopnea'),
('diabetes', 'rale'),
('diabetes', 'sweat'),
('diabetes', 'unresponsiveness'),
('diabetes', 'mental status changes'),
('diabetes', 'vertigo'),
('diabetes', 'vomiting'),
('diabetes', 'labored breathing'),
('depression mental', 'feeling suicidal'),
('depression mental', 'suicidal'),
('depression mental', 'hallucinations auditory'),
('depression mental', 'feeling hopeless'),
('depression mental', 'weepiness'),
('depression mental', 'sleeplessness'),
('depression mental', 'motor retardation'),
('depression mental', 'irritable mood'),
('depression mental', 'blackout'),
('depression mental', 'mood depressed'),
('depression mental', 'hallucinations visual'),
('depression mental', 'worry'),
('depression mental', 'agitation'),
('depression mental', 'tremor'),
('depression mental', 'intoxication'),
('depression mental', 'verbal auditory hallucinations'),
('depression mental', 'energy increased'),
('depression mental', 'difficulty'),
('depression mental', 'nightmare'),
('depression mental', 'unable to concentrate'),
('depression mental', 'homelessness'),
('coronary arteriosclerosis', 'pain chest'),
('coronary arteriosclerosis', 'angina pectoris'),
('coronary arteriosclerosis', 'shortness of breath'),
('coronary arteriosclerosis', 'hypokinesia'),
('coronary arteriosclerosis', 'sweat'),
('coronary arteriosclerosis', 'pressure chest'),
('coronary arteriosclerosis', 'dyspnea on exertion'),
('coronary arteriosclerosis', 'orthopnea'),
('coronary arteriosclerosis', 'chest tightness'),
('pneumonia', 'cough'),
('pneumonia', 'fever'),
('pneumonia', 'decreased translucency'),
('pneumonia', 'shortness of breath'),
('pneumonia', 'rale'),
('pneumonia', 'productive cough'),
('pneumonia', 'pleuritic pain'),
('pneumonia', 'yellow sputum'),
('pneumonia', 'breath sounds decreased'),
('pneumonia', 'chill'),
('pneumonia', 'rhonchus'),
('pneumonia', 'green sputum'),
('pneumonia', 'non-productive cough'),
('pneumonia', 'wheezing'),
('pneumonia', 'haemoptysis'),
('pneumonia', 'distress respiratory'),
('pneumonia', 'tachypnea'),
('pneumonia', 'malaise'),
('pneumonia', 'night sweat'),
('failure heart congestive', 'shortness of breath'),
('failure heart congestive', 'orthopnea'),
('failure heart congestive', 'jugular venous distention'),
('failure heart congestive', 'rale'),
('failure heart congestive', 'dyspnea'),
('failure heart congestive', 'cough'),
('failure heart congestive', 'wheezing'),
('accident cerebrovascular', 'dysarthria'),
('accident cerebrovascular', 'asthenia'),
('accident cerebrovascular', 'speech slurred'),
('accident cerebrovascular', 'facial paresis'),
('accident cerebrovascular', 'hemiplegia'),
('accident cerebrovascular', 'unresponsiveness'),
('accident cerebrovascular', 'seizure'),
('accident cerebrovascular', 'numbness'),
('asthma', 'wheezing'),
('asthma', 'cough'),
('asthma', 'shortness of breath'),
('asthma', 'chest tightness'),
('asthma', 'non-productive cough'),
('asthma', 'pleuritic pain'),
('asthma', 'productive cough'),
('asthma', 'symptom aggravating factors'),
('asthma', 'distress respiratory'),
('myocardial infarction', 'pain chest'),
('myocardial infarction', 'st segment elevation'),
('myocardial infarction', 'sweat'),
('myocardial infarction', 'shortness of breath'),
('myocardial infarction', 'st segment depression'),
('myocardial infarction', 'hypokinesia'),
('myocardial infarction', 'angina pectoris'),
('myocardial infarction', 'pressure chest'),
('myocardial infarction', 't wave inverted'),
('myocardial infarction', 'orthopnea'),
('myocardial infarction', 'rale'),
('myocardial infarction', 'chest tightness'),
('myocardial infarction', 'presence of q wave'),
('myocardial infarction', 'palpitation'),
('myocardial infarction', 'dyspnea'),
('myocardial infarction', 'chest discomfort'),
('myocardial infarction', 'bradycardia'),
('myocardial infarction', 'syncope'),
('hypercholesterolemia', 'pain'),
('hypercholesterolemia', 'pain chest'),
('hypercholesterolemia', 'sweat'),
('hypercholesterolemia', 'nonsmoker'),
('hypercholesterolemia', 'pressure chest'),
('hypercholesterolemia', 'syncope'),
('hypercholesterolemia', 'numbness'),
('hypercholesterolemia', 'chest discomfort'),
('hypercholesterolemia', 'shortness of breath'),
('hypercholesterolemia', 'st segment depression'),
('hypercholesterolemia', 'worry'),
('hypercholesterolemia', 't wave inverted'),
('hypercholesterolemia', 'bradycardia'),
('hypercholesterolemia', 'dyspnea'),
('infection', 'fever'),
('infection', 'erythema'),
('infection', 'decreased translucency'),
('infection', 'hepatosplenomegaly'),
('infection', 'chill'),
('infection', 'pruritus'),
('infection', 'diarrhea'),
('infection', 'abscess bacterial'),
('infection', 'swelling'),
('infection', 'pain'),
('infection', 'apyrexial'),
('infection', 'cough'),
('infection urinary tract', 'fever'),
('infection urinary tract', 'dysuria'),
('infection urinary tract', 'hematuria'),
('infection urinary tract', 'renal angle tenderness'),
('infection urinary tract', 'lethargy'),
('infection urinary tract', 'asthenia'),
('infection urinary tract', 'hyponatremia'),
('infection urinary tract', 'hemodynamically stable'),
('infection urinary tract', 'distress respiratory'),
('infection urinary tract', 'difficulty passing urine'),
('infection urinary tract', 'mental status changes'),
('infection urinary tract', 'consciousness clear'),
('anemia', 'chill'),
('anemia', 'guaiac positive'),
('anemia', 'monoclonal'),
('anemia', 'ecchymosis'),
('anemia', 'tumor cell invasion'),
('anemia', 'haemorrhage'),
('anemia', 'pallor'),
('anemia', 'asthenia'),
('anemia', 'fatigue'),
('anemia', 'heme positive'),
('anemia', 'pain back'),
('anemia', 'orthostasis'),
('anemia', 'hyponatremia'),
('anemia', 'dizziness'),
('anemia', 'shortness of breath'),
('anemia', 'pain'),
('anemia', 'rhonchus'),
('anemia', 'arthralgia'),
('anemia', 'swelling'),
('anemia', 'transaminitis'),
('chronic obstructive airway disease', 'shortness of breath'),
('chronic obstructive airway disease', 'wheezing'),
('chronic obstructive airway disease', 'cough'),
('chronic obstructive airway disease', 'dyspnea'),
('chronic obstructive airway disease', 'distress respiratory'),
('chronic obstructive airway disease', 'sputum purulent'),
('chronic obstructive airway disease', 'hypoxemia'),
('chronic obstructive airway disease', 'hypercapnia'),
('chronic obstructive airway disease', 'patient non compliance'),
('chronic obstructive airway disease', 'chest tightness'),
('dementia', 'fever'),
('dementia', 'fall'),
('dementia', 'unresponsiveness'),
('dementia', 'lethargy'),
('dementia', 'agitation'),
('dementia', 'ecchymosis'),
('dementia', 'syncope'),
('dementia', 'rale'),
('dementia', 'unconscious state'),
('dementia', 'cough'),
('dementia', 'bedridden'),
('dementia', 'pain'),
('dementia', 'facial paresis'),
('dementia', 'abdominal tenderness'),
('dementia', 'rhonchus'),
('dementia', 'unsteady gait'),
('dementia', 'hallucinations auditory'),
('insufficiency renal', 'shortness of breath'),
('insufficiency renal', 'hyperkalemia'),
('insufficiency renal', 'orthopnea'),
('insufficiency renal', 'rale'),
('insufficiency renal', 'urgency of micturition'),
('insufficiency renal', 'ascites'),
('insufficiency renal', 'guaiac positive'),
('insufficiency renal', 'asthenia'),
('insufficiency renal', 'apyrexial'),
('insufficiency renal', 'mental status changes'),
('insufficiency renal', 'dyspnea'),
('insufficiency renal', 'difficulty'),
('insufficiency renal', 'diarrhea'),
('insufficiency renal', 'hypotension'),
('insufficiency renal', 'breath sounds decreased'),
('insufficiency renal', 'swelling'),
('insufficiency renal', 'hypokinesia'),
('confusion', 'seizure'),
('confusion', 'enuresis'),
('confusion', 'lethargy'),
('confusion', 'speech slurred'),
('confusion', 'fall'),
('confusion', 'consciousness clear'),
('confusion', 'mental status changes'),
('confusion', 'asterixis'),
('confusion', 'unconscious state'),
('confusion', 'agitation'),
('confusion', 'muscle twitch'),
('confusion', 'asthenia'),
('confusion', 'sleepy'),
('confusion', 'dizziness'),
('confusion', 'headache'),
('confusion', 'dysarthria'),
('confusion', 'lightheadedness'),
('confusion', 'tremor'),
('confusion', 'hyponatremia'),
('confusion', 'unresponsiveness'),
('degenerative polyarthritis', 'pain'),
('degenerative polyarthritis', 'food intolerance'),
('degenerative polyarthritis', 'numbness of hand'),
('degenerative polyarthritis', 'general discomfort'),
('degenerative polyarthritis', 'drowsiness'),
('degenerative polyarthritis', 'asthenia'),
('degenerative polyarthritis', 'nonsmoker'),
('degenerative polyarthritis', 'non-productive cough'),
('degenerative polyarthritis', 'polydypsia'),
('degenerative polyarthritis', 'stiffness'),
('degenerative polyarthritis', 'unsteady gait'),
('hypothyroidism', 'shortness of breath'),
('hypothyroidism', 'prostatism'),
('hypothyroidism', 'drowsiness'),
('hypothyroidism', 'hyponatremia'),
('hypothyroidism', 'fall'),
('hypothyroidism', 'unsteady gait'),
('hypothyroidism', 'polyuria'),
('hypothyroidism', 'hypotension'),
('hypothyroidism', 'difficulty'),
('hypothyroidism', 'syncope'),
('hypothyroidism', 'nightmare'),
('hypothyroidism', 'speech slurred'),
('hypothyroidism', 'weight gain'),
('hypothyroidism', 'asthenia'),
('hypothyroidism', 'fatigue'),
('hypothyroidism', 'agitation'),
('hypothyroidism', 'mental status changes'),
('hypothyroidism', 'motor retardation'),
('hypothyroidism', 'vomiting'),
('hypothyroidism', 'numbness'),
('hypothyroidism', 'mass of body structure'),
('anxiety state', 'worry'),
('anxiety state', 'feeling suicidal'),
('anxiety state', 'suicidal'),
('anxiety state', 'sleeplessness'),
('anxiety state', 'feeling hopeless'),
('anxiety state', 'irritable mood'),
('anxiety state', 'tremor'),
('anxiety state', 'blackout'),
('anxiety state', 'weepiness'),
('anxiety state', 'has religious belief'),
('anxiety state', 'nervousness'),
('anxiety state', 'hallucinations visual'),
('anxiety state', 'formication'),
('anxiety state', 'difficulty'),
('anxiety state', 'pain chest'),
('anxiety state', 'patient non compliance'),
('anxiety state', 'agitation'),
('anxiety state', 'palpitation'),
('anxiety state', 'hallucinations auditory'),
('anxiety state', 'mood depressed'),
('anxiety state', 'hot flush'),
('anxiety state', 'pain'),
('anxiety state', 'consciousness clear'),
('anxiety state', 'nightmare'),
('malignant neoplasms', 'pain'),
('malignant neoplasms', 'mass of body structure'),
('malignant neoplasms', 'lesion'),
('malignant neoplasms', 'cushingoid facies'),
('malignant neoplasms', 'emphysematous change'),
('malignant neoplasms', 'decreased body weight'),
('malignant neoplasms', 'ascites'),
('malignant neoplasms', 'hoarseness'),
('malignant neoplasms', 'thicken'),
('malignant neoplasms', 'hematuria'),
('acquired immuno-deficiency syndrome', 'fever'),
('acquired immuno-deficiency syndrome', 'night sweat'),
('acquired immuno-deficiency syndrome', 'spontaneous rupture of membranes'),
('acquired immuno-deficiency syndrome', 'cough'),
('acquired immuno-deficiency syndrome', 'decreased body weight'),
('acquired immuno-deficiency syndrome', 'chill'),
('acquired immuno-deficiency syndrome', 'diarrhea'),
('acquired immuno-deficiency syndrome', 'pleuritic pain'),
('acquired immuno-deficiency syndrome', 'patient non compliance'),
('acquired immuno-deficiency syndrome', 'tachypnea'),
('acquired immuno-deficiency syndrome', 'productive cough'),
('acquired immuno-deficiency syndrome', 'muscle hypotonia'),
('acquired immuno-deficiency syndrome', 'feeling suicidal'),
('cellulitis', 'erythema'),
('cellulitis', 'pain'),
('cellulitis', 'swelling'),
('cellulitis', 'redness'),
('cellulitis', 'fever'),
('cellulitis', 'abscess bacterial'),
('cellulitis', 'patient non compliance'),
('cellulitis', 'hypesthesia'),
('cellulitis', 'hyperacusis'),
('cellulitis', 'pruritus'),
('cellulitis', 'pain chest'),
('cellulitis', 'scratch marks'),
('cellulitis', 'chill'),
('cellulitis', 'sore to touch'),
('gastroesophageal reflux disease', 'pain'),
('gastroesophageal reflux disease', 'pain chest'),
('gastroesophageal reflux disease', 'burning sensation'),
('gastroesophageal reflux disease', 'hyponatremia'),
('gastroesophageal reflux disease', 'satiety early'),
('gastroesophageal reflux disease', 'throbbing sensation quality'),
('gastroesophageal reflux disease', 'chest tightness'),
('gastroesophageal reflux disease', 'sensory discomfort'),
('gastroesophageal reflux disease', 'presence of q wave'),
('gastroesophageal reflux disease', 'nausea'),
('gastroesophageal reflux disease', 'general discomfort'),
('gastroesophageal reflux disease', 'constipation'),
('gastroesophageal reflux disease', 'palpitation'),
('gastroesophageal reflux disease', 'pain abdominal'),
('gastroesophageal reflux disease', 'heartburn'),
('gastroesophageal reflux disease', 'sweat'),
('gastroesophageal reflux disease', 'asthenia'),
('septicemia', 'fever'),
('septicemia', 'distress respiratory'),
('septicemia', 'hypotension'),
('septicemia', 'tachypnea'),
('septicemia', 'chill'),
('septicemia', 'lethargy'),
('septicemia', 'bradycardia'),
('septicemia', 'breech presentation'),
('septicemia', 'cyanosis'),
('septicemia', 'spontaneous rupture of membranes'),
('septicemia', 'haemorrhage'),
('septicemia', 'unresponsiveness'),
('septicemia', 'rale'),
('septicemia', 'apyrexial'),
('deep vein thrombosis', 'swelling'),
('deep vein thrombosis', 'pain'),
('deep vein thrombosis', 'ecchymosis'),
('deep vein thrombosis', 'shortness of breath'),
('deep vein thrombosis', 'pain in lower limb'),
('deep vein thrombosis', 'cardiomegaly'),
('deep vein thrombosis', 'rale'),
('deep vein thrombosis', 'erythema'),
('deep vein thrombosis', 'hypotension'),
('deep vein thrombosis', 'clonus'),
('deep vein thrombosis', 'non-productive cough'),
('deep vein thrombosis', 'redness'),
('dehydration', 'fever'),
('dehydration', 'diarrhea'),
('dehydration', 'vomiting'),
('dehydration', 'hypotension'),
('dehydration', 'nausea'),
('dehydration', 'lightheadedness'),
('dehydration', 'unwell'),
('dehydration', 'mental status changes'),
('dehydration', 'anorexia'),
('dehydration', 'asthenia'),
('dehydration', 'sensory discomfort'),
('dehydration', 'syncope'),
('dehydration', 'lethargy'),
('dehydration', 'dizziness'),
('dehydration', 'syncope'),
('neoplasm', 'mass of body structure'),
('neoplasm', 'lesion'),
('neoplasm', 'pain chest'),
('neoplasm', 'hematuria'),
('neoplasm', 'tumor cell invasion'),
('neoplasm', 'pain'),
('neoplasm', 'anosmia'),
('neoplasm', 'thicken'),
('neoplasm', 'metastatic lesion'),
('neoplasm', 'food intolerance'),
('neoplasm', 'decreased body weight'),
('neoplasm', 'night sweat'),
('neoplasm', 'hemianopsia homonymous'),
('neoplasm', 'satiety early'),
('neoplasm', 'pain abdominal'),
('neoplasm', 'headache'),
('embolism pulmonary', 'shortness of breath'),
('embolism pulmonary', 'hypoxemia'),
('embolism pulmonary', 'tachypnea'),
('embolism pulmonary', 'hematocrit decreased'),
('embolism pulmonary', 'pain chest'),
('embolism pulmonary', 'dyspnea'),
('embolism pulmonary', 'pleuritic pain'),
('embolism pulmonary', 'neck stiffness'),
('embolism pulmonary', 'yellow sputum'),
('embolism pulmonary', 'productive cough'),
('embolism pulmonary', 'cicatrisation'),
('embolism pulmonary', 'unresponsiveness'),
('embolism pulmonary', 'distress respiratory'),
('embolism pulmonary', 'wheezing'),
('embolism pulmonary', 'apyrexial'),
('embolism pulmonary', 'non-productive cough'),
('epilepsy', 'seizure'),
('epilepsy', 'hypometabolism'),
('epilepsy', 'aura'),
('epilepsy', 'muscle twitch'),
('epilepsy', 'drowsiness'),
('epilepsy', 'tremor'),
('epilepsy', 'unresponsiveness'),
('epilepsy', 'hemiplegia'),
('epilepsy', 'myoclonus'),
('epilepsy', 'gurgle'),
('epilepsy', 'sleepy'),
('epilepsy', 'lethargy'),
('epilepsy', 'wheelchair bound'),
('cardiomyopathy', 'shortness of breath'),
('cardiomyopathy', 'orthopnea'),
('cardiomyopathy', 'hypokinesia'),
('cardiomyopathy', 'jugular venous distention'),
('cardiomyopathy', 'palpitation'),
('cardiomyopathy', 'pain chest'),
('cardiomyopathy', 'syncope'),
('cardiomyopathy', 'yellow sputum'),
('cardiomyopathy', 'rale'),
('cardiomyopathy', 'dyspnea'),
('cardiomyopathy', 'dyspnea on exertion'),
('cardiomyopathy', 'left atrial hypertrophy'),
('cardiomyopathy', 'fatigue'),
('cardiomyopathy', 'weight gain'),
('cardiomyopathy', 'patient non compliance'),
('chronic kidney failure', 'vomiting'),
('chronic kidney failure', 'orthopnea'),
('chronic kidney failure', 'hyperkalemia'),
('chronic kidney failure', 'oliguria'),
('chronic kidney failure', 'jugular venous distention'),
('chronic kidney failure', 'nausea'),
('chronic kidney failure', 'shortness of breath'),
('chronic kidney failure', 'mental status changes'),
('chronic kidney failure', 'diarrhea'),
('chronic kidney failure', 'asthenia'),
('chronic kidney failure', 'chest tightness'),
('chronic kidney failure', 'malaise'),
('chronic kidney failure', 'chill'),
('chronic kidney failure', 'rale'),
('chronic kidney failure', 'fever'),
('chronic kidney failure', 'pleuritic pain'),
('chronic kidney failure', 'apyrexial'),
('chronic kidney failure', 'guaiac positive'),
('chronic kidney failure', 'swelling'),
('chronic kidney failure', 'catatonia'),
('chronic kidney failure', 'unresponsiveness'),
('chronic kidney failure', 'yellow sputum'),
('carcinoma', 'mass of body structure'),
('carcinoma', 'pain'),
('carcinoma', 'lesion'),
('carcinoma', 'tumor cell invasion'),
('carcinoma', 'thicken'),
('carcinoma', 'decreased body weight'),
('carcinoma', 'hoarseness'),
('carcinoma', 'general discomfort'),
('carcinoma', 'metastatic lesion'),
('carcinoma', 'non-productive cough'),
('carcinoma', 'constipation'),
('carcinoma', 'unhappy'),
('carcinoma', 'paresthesia'),
('carcinoma', 'gravida 0'),
('carcinoma', 'diarrhea'),
('carcinoma', 'sore to touch'),
('carcinoma', 'heartburn'),
('carcinoma', 'nausea'),
('carcinoma', 'lung nodule'),
('hepatitis C', 'ascites'),
('hepatitis C', 'distended abdomen'),
('hepatitis C', 'feeling suicidal'),
('hepatitis C', 'cough'),
('hepatitis C', 'ache'),
('hepatitis C', 'macerated skin'),
('hepatitis C', 'heavy feeling'),
('hepatitis C', 'hallucinations auditory'),
('hepatitis C', 'chill'),
('hepatitis C', 'asterixis'),
('hepatitis C', 'patient non compliance'),
('peripheral vascular disease', 'shortness of breath'),
('peripheral vascular disease', 'rest pain'),
('peripheral vascular disease', 'angina pectoris'),
('peripheral vascular disease', 'unresponsiveness'),
('peripheral vascular disease', 'hyperkalemia'),
('peripheral vascular disease', 'sinus rhythm'),
('peripheral vascular disease', 'labored breathing'),
('peripheral vascular disease', 'dyspnea'),
('peripheral vascular disease', 'sore to touch'),
('peripheral vascular disease', 'anorexia'),
('peripheral vascular disease', 'sleepy'),
('psychotic disorder', 'suicidal'),
('psychotic disorder', 'hallucinations auditory'),
('psychotic disorder', 'feeling suicidal'),
('psychotic disorder', 'hallucinations visual'),
('psychotic disorder', 'motor retardation'),
('psychotic disorder', 'blackout'),
('psychotic disorder', 'verbal auditory hallucinations'),
('psychotic disorder', 'feeling hopeless'),
('psychotic disorder', 'irritable mood'),
('psychotic disorder', 'agitation'),
('psychotic disorder', 'tremor'),
('psychotic disorder', 'catatonia'),
('psychotic disorder', 'weepiness'),
('psychotic disorder', 'homelessness'),
('psychotic disorder', 'sleeplessness'),
('psychotic disorder', 'withdraw'),
('psychotic disorder', 'energy increased'),
('psychotic disorder', 'intoxication'),
('psychotic disorder', 'worry'),
('psychotic disorder', 'behavior hyperactive'),
('psychotic disorder', 'patient non compliance'),
('psychotic disorder', 'mood depressed'),
('psychotic disorder', 'terrify'),
('psychotic disorder', 'nightmare'),
('psychotic disorder', 'consciousness clear'),
('hyperlipidemia', 'pain chest'),
('hyperlipidemia', 'angina pectoris'),
('hyperlipidemia', 'palpitation'),
('hyperlipidemia', 'presence of q wave'),
('hyperlipidemia', 'photopsia'),
('hyperlipidemia', 'sweat'),
('hyperlipidemia', 'chest discomfort'),
('hyperlipidemia', 'shortness of breath'),
('hyperlipidemia', 'giddy mood'),
('hyperlipidemia', 'hypokinesia'),
('hyperlipidemia', 'hemiplegia'),
('hyperlipidemia', 'dizziness'),
('bipolar disorder', 'feeling suicidal'),
('bipolar disorder', 'energy increased'),
('bipolar disorder', 'suicidal'),
('bipolar disorder', 'irritable mood'),
('bipolar disorder', 'agitation'),
('bipolar disorder', 'has religious belief'),
('bipolar disorder', 'disturbed family'),
('bipolar disorder', 'hallucinations auditory'),
('bipolar disorder', 'verbal auditory hallucinations'),
('bipolar disorder', 'weepiness'),
('bipolar disorder', 'behavior hyperactive'),
('bipolar disorder', 'catatonia'),
('bipolar disorder', 'feeling hopeless'),
('bipolar disorder', 'worry'),
('bipolar disorder', 'sleeplessness'),
('bipolar disorder', 'hypersomnia'),
('bipolar disorder', 'difficulty'),
('bipolar disorder', 'hallucinations visual'),
('bipolar disorder', 'hyperhidrosis disorder'),
('bipolar disorder', 'mydriasis'),
('bipolar disorder', 'extrapyramidal sign'),
('bipolar disorder', 'loose associations'),
('bipolar disorder', 'intoxication'),
('bipolar disorder', 'motor retardation'),
('bipolar disorder', 'homelessness'),
('bipolar disorder', 'blackout'),
('bipolar disorder', 'tremor'),
('bipolar disorder', 'exhaustion'),
('obesity', 'pain'),
('obesity', 'catatonia'),
('obesity', 'snore'),
('obesity', 'pain chest'),
('obesity', 'r wave feature'),
('obesity', 'has religious belief'),
('obesity', 'shortness of breath'),
('obesity', 'fatigue'),
('obesity', 'overweight'),
('obesity', 'systolic murmur'),
('obesity', 'mood depressed'),
('obesity', 'ecchymosis'),
('ischemia', 'drowsiness'),
('ischemia', 'pain chest'),
('ischemia', 'angina pectoris'),
('ischemia', 'pressure chest'),
('ischemia', 'chest discomfort'),
('ischemia', 'shortness of breath'),
('ischemia', 'dyspnea'),
('ischemia', 'sinus rhythm'),
('ischemia', 'bradycardia'),
('ischemia', 'sweat'),
('ischemia', 'rale'),
('ischemia', 'asymptomatic'),
('ischemia', 'anorexia'),
('cirrhosis', 'ascites'),
('cirrhosis', 'fall'),
('cirrhosis', 'splenomegaly'),
('cirrhosis', 'pruritus'),
('cirrhosis', 'pain abdominal'),
('cirrhosis', 'tumor cell invasion'),
('cirrhosis', 'distended abdomen'),
('cirrhosis', 'lesion'),
('cirrhosis', 'hemodynamically stable'),
('cirrhosis', 'guaiac positive'),
('cirrhosis', 'sore to touch'),
('cirrhosis', 'bleeding of vagina'),
('exanthema', 'fever'),
('exanthema', 'pruritus'),
('exanthema', 'macule'),
('exanthema', 'lesion'),
('exanthema', 'redness'),
('exanthema', 'headache'),
('exanthema', 'apyrexial'),
('exanthema', 'arthralgia'),
('exanthema', 'swelling'),
('exanthema', 'erythema'),
('exanthema', 'photophobia'),
('exanthema', 'chill'),
('exanthema', 'scratch marks'),
('exanthema', 'pain'),
('exanthema', 'painful swallowing'),
('benign prostatic hypertrophy', 'mental status changes'),
('benign prostatic hypertrophy', 'cachexia'),
('benign prostatic hypertrophy', 'blackout'),
('benign prostatic hypertrophy', 'orthostasis'),
('benign prostatic hypertrophy', 'orthopnea'),
('benign prostatic hypertrophy', 'night sweat'),
('benign prostatic hypertrophy', 'distress respiratory'),
('benign prostatic hypertrophy', 'anorexia'),
('benign prostatic hypertrophy', 'dysarthria'),
('kidney failure acute', 'hyperkalemia'),
('kidney failure acute', 'hypotension'),
('kidney failure acute', 'hypocalcemia result'),
('kidney failure acute', 'oliguria'),
('kidney failure acute', 'hemodynamically stable'),
('kidney failure acute', 'asthenia'),
('kidney failure acute', 'hypothermia, natural'),
('kidney failure acute', 'diarrhea'),
('kidney failure acute', 'haemorrhage'),
('kidney failure acute', 'unresponsiveness'),
('mitral valve insufficiency', 'shortness of breath'),
('mitral valve insufficiency', 'dyspnea on exertion'),
('mitral valve insufficiency', 'asymptomatic'),
('mitral valve insufficiency', 'hypokinesia'),
('mitral valve insufficiency', 'dyspnea'),
('mitral valve insufficiency', 'syncope'),
('mitral valve insufficiency', 'thicken'),
('mitral valve insufficiency', 'left atrial hypertrophy'),
('mitral valve insufficiency', 'palpitation'),
('mitral valve insufficiency', 'fatigue'),
('mitral valve insufficiency', 'vomiting'),
('mitral valve insufficiency', 'pain'),
('mitral valve insufficiency', 'cardiomegaly'),
('mitral valve insufficiency', 'chest discomfort'),
('arthritis', 'pain'),
('arthritis', 'hemodynamically stable'),
('arthritis', 'sleeplessness'),
('arthritis', 'asthenia'),
('arthritis', 'syncope'),
('arthritis', 'swelling'),
('arthritis', 'atypia'),
('arthritis', 'general unsteadiness'),
('arthritis', 'shortness of breath'),
('arthritis', 'distended abdomen'),
('bronchitis', 'cough'),
('bronchitis', 'wheezing'),
('bronchitis', 'shortness of breath'),
('bronchitis', 'chest tightness'),
('bronchitis', 'fever'),
('bronchitis', 'throat sore'),
('bronchitis', 'productive cough'),
('bronchitis', 'hepatosplenomegaly'),
('bronchitis', 'night sweat'),
('bronchitis', 'haemoptysis'),
('bronchitis', 'labored breathing'),
('bronchitis', 'snuffle'),
('bronchitis', 'hacking cough'),
('bronchitis', 'dyspnea'),
('bronchitis', 'chill'),
('bronchitis', 'stridor'),
('bronchitis', 'decreased body weight'),
('hemiparesis', 'dysarthria'),
('hemiparesis', 'paresis'),
('hemiparesis', 'asthenia'),
('hemiparesis', 'aphagia'),
('hemiparesis', 'seizure'),
('hemiparesis', 'speech slurred'),
('hemiparesis', 'focal seizures'),
('hemiparesis', 'hemiplegia'),
('hemiparesis', 'abnormal sensation'),
('hemiparesis', 'unresponsiveness'),
('hemiparesis', 'stupor'),
('hemiparesis', 'drowsiness'),
('hemiparesis', 'fremitus'),
('hemiparesis', 'Stahli\'s line'),
('hemiparesis', 'stinging sensation'),
('hemiparesis', 'paralyse'),
('hemiparesis', 'clonus'),
('hemiparesis', 'facial paresis'),
('osteoporosis', 'prostatism'),
('osteoporosis', 'fall'),
('osteoporosis', 'hirsutism'),
('osteoporosis', 'sniffle'),
('osteoporosis', 'distended abdomen'),
('osteoporosis', 'vertigo'),
('osteoporosis', 'numbness of hand'),
('osteoporosis', 'bradykinesia'),
('osteoporosis', 'pain'),
('osteoporosis', 'syncope'),
('osteoporosis', 'out of breath'),
('osteoporosis', 'apyrexial'),
('osteoporosis', 'urge incontinence'),
('osteoporosis', 'lightheadedness'),
('transient ischemic attack', 'speech slurred'),
('transient ischemic attack', 'dysarthria'),
('transient ischemic attack', 'facial paresis'),
('transient ischemic attack', 'asthenia'),
('transient ischemic attack', 'neck stiffness'),
('transient ischemic attack', 'vertigo'),
('transient ischemic attack', 'numbness'),
('transient ischemic attack', 'lightheadedness'),
('transient ischemic attack', 'extrapyramidal sign'),
('transient ischemic attack', 'Stahli\'s line'),
('transient ischemic attack', 'vision blurred'),
('transient ischemic attack', 'headache'),
('transient ischemic attack', 'room spinning'),
('transient ischemic attack', 'syncope'),
('transient ischemic attack', 'difficulty'),
('transient ischemic attack', 'rambling speech'),
('transient ischemic attack', 'clumsiness'),
('adenocarcinoma', 'mass of body structure'),
('adenocarcinoma', 'lesion'),
('adenocarcinoma', 'decreased body weight'),
('adenocarcinoma', 'constipation'),
('adenocarcinoma', 'fremitus'),
('adenocarcinoma', 'decreased stool caliber'),
('adenocarcinoma', 'satiety early'),
('adenocarcinoma', 'hematochezia'),
('adenocarcinoma', 'egophony'),
('adenocarcinoma', 'pain'),
('adenocarcinoma', 'cicatrisation'),
('adenocarcinoma', 'pain abdominal'),
('paranoia', 'hallucinations auditory'),
('paranoia', 'hallucinations visual'),
('paranoia', 'agitation'),
('paranoia', 'irritable mood'),
('paranoia', 'verbal auditory hallucinations'),
('paranoia', 'feeling suicidal'),
('paranoia', 'suicidal'),
('paranoia', 'terrify'),
('paranoia', 'neologism'),
('paranoia', 'homelessness'),
('paranoia', 'energy increased'),
('paranoia', 'mood depressed'),
('paranoia', 'decompensation'),
('paranoia', 'cicatrisation'),
('paranoia', 'blackout'),
('paranoia', 'loose associations'),
('pancreatitis', 'vomiting'),
('pancreatitis', 'pain abdominal'),
('pancreatitis', 'nausea'),
('pancreatitis', 'pain'),
('pancreatitis', 'diarrhea'),
('pancreatitis', 'stool color yellow'),
('pancreatitis', 'rigor - temperature-associated observation'),
('pancreatitis', 'apyrexial'),
('pancreatitis', 'sore to touch'),
('incontinence', 'paraparesis'),
('incontinence', 'seizure'),
('incontinence', 'asthenia'),
('incontinence', 'urge incontinence'),
('incontinence', 'unconscious state'),
('incontinence', 'aura'),
('incontinence', 'moody'),
('incontinence', 'fear of falling'),
('incontinence', 'tremor'),
('incontinence', 'spasm'),
('incontinence', 'unhappy'),
('incontinence', 'syncope'),
('incontinence', 'fall'),
('incontinence', 'stiffness'),
('incontinence', 'unresponsiveness'),
('paroxysmal dyspnea', 'orthopnea'),
('paroxysmal dyspnea', 'shortness of breath'),
('paroxysmal dyspnea', 'dyspnea on exertion'),
('paroxysmal dyspnea', 'jugular venous distention'),
('paroxysmal dyspnea', 'rale'),
('paroxysmal dyspnea', 'pain chest'),
('paroxysmal dyspnea', 'palpitation'),
('paroxysmal dyspnea', 'sweat'),
('paroxysmal dyspnea', 'weight gain'),
('paroxysmal dyspnea', 'cough'),
('paroxysmal dyspnea', 'dyspnea'),
('hernia', 'pain abdominal'),
('hernia', 'pain'),
('hernia', 'hyperventilation'),
('hernia', 'excruciating pain'),
('hernia', 'gag'),
('hernia', 'nausea'),
('hernia', 'posturing'),
('hernia', 'hemiplegia'),
('hernia', 'sore to touch'),
('hernia', 'haemorrhage'),
('hernia', 'apyrexial'),
('hernia', 'food intolerance'),
('hernia', 'pulse absent'),
('hernia', 'asthenia'),
('hernia', 'mass of body structure'),
('hernia', 'thicken'),
('malignant neoplasm of prostate', 'hematuria'),
('malignant neoplasm of prostate', 'dysesthesia'),
('malignant neoplasm of prostate', 'asthenia'),
('malignant neoplasm of prostate', 'polymyalgia'),
('malignant neoplasm of prostate', 'passed stones'),
('malignant neoplasm of prostate', 'pleuritic pain'),
('malignant neoplasm of prostate', 'guaiac positive'),
('malignant neoplasm of prostate', 'rale'),
('malignant neoplasm of prostate', 'breath sounds decreased'),
('malignant neoplasm of prostate', 'urge incontinence'),
('malignant neoplasm of prostate', 'dysuria'),
('malignant neoplasm of prostate', 'diarrhea'),
('malignant neoplasm of prostate', 'vertigo'),
('malignant neoplasm of prostate', 'qt interval prolonged'),
('malignant neoplasm of prostate', 'ataxia'),
('malignant neoplasm of prostate', 'paresis'),
('malignant neoplasm of prostate', 'hemianopsia homonymous'),
('malignant neoplasm of prostate', 'tumor cell invasion'),
('malignant neoplasm of prostate', 'hemodynamically stable'),
('malignant neoplasm of prostate', 'mass of body structure'),
('malignant neoplasm of prostate', 'rhonchus'),
('malignant neoplasm of prostate', 'orthostasis'),
('malignant neoplasm of prostate', 'decreased body weight'),
('edema pulmonary', 'urgency of micturition'),
('edema pulmonary', 'shortness of breath'),
('edema pulmonary', 'rale'),
('edema pulmonary', 'tachypnea'),
('edema pulmonary', 'orthopnea'),
('edema pulmonary', 'Heberden\'s node'),
('edema pulmonary', 'jugular venous distention'),
('edema pulmonary', 'dyspnea'),
('edema pulmonary', 'sweat'),
('edema pulmonary', 'patient non compliance'),
('edema pulmonary', 'chest discomfort'),
('edema pulmonary', 'hyperkalemia'),
('edema pulmonary', 'sinus rhythm'),
('edema pulmonary', 'pain chest'),
('edema pulmonary', 'hypotension'),
('edema pulmonary', 'wheezing'),
('lymphatic diseases', 'pain'),
('lymphatic diseases', 'mass of body structure'),
('lymphatic diseases', 'night sweat'),
('lymphatic diseases', 'splenomegaly'),
('lymphatic diseases', 'lesion'),
('lymphatic diseases', 'chill'),
('lymphatic diseases', 'decreased body weight'),
('lymphatic diseases', 'swelling'),
('lymphatic diseases', 'fever'),
('lymphatic diseases', 'hyperacusis'),
('lymphatic diseases', 'fremitus'),
('lymphatic diseases', 'non-productive cough'),
('lymphatic diseases', 'egophony'),
('lymphatic diseases', 'redness'),
('lymphatic diseases', 'hepatomegaly'),
('lymphatic diseases', 'fatigue'),
('stenosis aortic valve', 'dyspnea on exertion'),
('stenosis aortic valve', 'syncope'),
('stenosis aortic valve', 'chest discomfort'),
('stenosis aortic valve', 'systolic murmur'),
('stenosis aortic valve', 'sciatica'),
('stenosis aortic valve', 'angina pectoris'),
('stenosis aortic valve', 'pain chest'),
('stenosis aortic valve', 'frothy sputum'),
('stenosis aortic valve', 'bradycardia'),
('stenosis aortic valve', 'shortness of breath'),
('stenosis aortic valve', 'pain'),
('malignant neoplasm of breast', 'mass in breast'),
('malignant neoplasm of breast', 'mass of body structure'),
('malignant neoplasm of breast', 'paresthesia'),
('malignant neoplasm of breast', 'retropulsion'),
('malignant neoplasm of breast', 'erythema'),
('malignant neoplasm of breast', 'difficulty'),
('malignant neoplasm of breast', 'lesion'),
('malignant neoplasm of breast', 'estrogen use'),
('malignant neoplasm of breast', 'burning sensation'),
('malignant neoplasm of breast', 'dyspnea'),
('malignant neoplasm of breast', 'swelling'),
('malignant neoplasm of breast', 'formication'),
('schizophrenia', 'hallucinations auditory'),
('schizophrenia', 'hypersomnolence'),
('schizophrenia', 'irritable mood'),
('schizophrenia', 'verbal auditory hallucinations'),
('schizophrenia', 'patient non compliance'),
('schizophrenia', 'agitation'),
('schizophrenia', 'suicidal'),
('schizophrenia', 'worry'),
('schizophrenia', 'hallucinations visual'),
('schizophrenia', 'underweight'),
('schizophrenia', 'homelessness'),
('diverticulitis', 'pain abdominal'),
('diverticulitis', 'abscess bacterial'),
('diverticulitis', 'dullness'),
('diverticulitis', 'red blotches'),
('diverticulitis', 'diarrhea'),
('diverticulitis', 'sore to touch'),
('diverticulitis', 'dysuria'),
('diverticulitis', 'pain'),
('diverticulitis', 'vomiting'),
('diverticulitis', 'sinus rhythm'),
('diverticulitis', 'colic abdominal'),
('diverticulitis', 'apyrexial'),
('diverticulitis', 'abdominal tenderness'),
('diverticulitis', 'fever'),
('diverticulitis', 'unsteady gait'),
('diverticulitis', 'thicken'),
('diverticulitis', 'urgency of micturition'),
('diverticulitis', 'anorexia'),
('diverticulitis', 'monoclonal'),
('diverticulitis', 'constipation'),
('overload fluid', 'rale'),
('overload fluid', 'jugular venous distention'),
('overload fluid', 'hyperkalemia'),
('overload fluid', 'orthopnea'),
('overload fluid', 'shortness of breath'),
('overload fluid', 'drowsiness'),
('overload fluid', 'weight gain'),
('overload fluid', 'hypokalemia'),
('overload fluid', 'hypotension'),
('overload fluid', 'swelling'),
('overload fluid', 'distended abdomen'),
('ulcer peptic', 'pain abdominal'),
('ulcer peptic', 'paraparesis'),
('ulcer peptic', 'nausea'),
('ulcer peptic', 'vomiting'),
('ulcer peptic', 'polymyalgia'),
('ulcer peptic', 'out of breath'),
('ulcer peptic', 'pain chest'),
('ulcer peptic', 'hemiplegia'),
('ulcer peptic', 'gurgle'),
('ulcer peptic', 'hunger'),
('ulcer peptic', 'apyrexial'),
('ulcer peptic', 'nervousness'),
('osteomyelitis', 'pain'),
('osteomyelitis', 'redness'),
('osteomyelitis', 'prostate tender'),
('osteomyelitis', 'fever'),
('osteomyelitis', 'difficulty passing urine'),
('osteomyelitis', 'sore to touch'),
('osteomyelitis', 'swelling'),
('osteomyelitis', 'apyrexial'),
('osteomyelitis', 'erythema'),
('osteomyelitis', 'abscess bacterial'),
('osteomyelitis', 'pain foot'),
('osteomyelitis', 'urinary hesitation'),
('gastritis', 'heme positive'),
('gastritis', 'pain abdominal'),
('gastritis', 'vomiting'),
('gastritis', 'disequilibrium'),
('gastritis', 'nausea'),
('gastritis', 'intoxication'),
('gastritis', 'haemorrhage'),
('gastritis', 'guaiac positive'),
('gastritis', 'pain'),
('gastritis', 'decreased body weight'),
('gastritis', 'sore to touch'),
('gastritis', 'dizziness'),
('bacteremia', 'fever'),
('bacteremia', 'chill'),
('bacteremia', 'flushing'),
('bacteremia', 'unresponsiveness'),
('bacteremia', 'indifferent mood'),
('bacteremia', 'urinoma'),
('bacteremia', 'vomiting'),
('bacteremia', 'distended abdomen'),
('bacteremia', 'hypoalbuminemia'),
('bacteremia', 'pustule'),
('bacteremia', 'prostatism'),
('bacteremia', 'diarrhea'),
('bacteremia', 'abdominal tenderness'),
('bacteremia', 'pleuritic pain'),
('bacteremia', 'decreased translucency'),
('bacteremia', 'pallor'),
('failure kidney', 'orthopnea'),
('failure kidney', 'oliguria'),
('failure kidney', 'slowing of urinary stream'),
('failure kidney', 'extreme exhaustion'),
('failure kidney', 'unresponsiveness'),
('failure kidney', 'hypotension'),
('failure kidney', 'enuresis'),
('failure kidney', 'shortness of breath'),
('failure kidney', 'haemorrhage'),
('failure kidney', 'prostatism'),
('failure kidney', 'no status change'),
('failure kidney', 'bedridden'),
('failure kidney', 'fatigue'),
('sickle cell anemia', 'breakthrough pain'),
('sickle cell anemia', 'pain back'),
('sickle cell anemia', 'pain'),
('sickle cell anemia', 'shortness of breath'),
('sickle cell anemia', 'snuffle'),
('sickle cell anemia', 'pain chest'),
('sickle cell anemia', 'pain abdominal'),
('sickle cell anemia', 'hepatosplenomegaly'),
('sickle cell anemia', 'green sputum'),
('sickle cell anemia', 'apyrexial'),
('sickle cell anemia', 'headache'),
('failure heart', 'orthopnea'),
('failure heart', 'fatigue'),
('failure heart', 'dyspnea on exertion'),
('failure heart', 'dyspnea'),
('failure heart', 'shortness of breath'),
('failure heart', 'pansystolic murmur'),
('failure heart', 'jugular venous distention'),
('failure heart', 'systolic ejection murmur'),
('failure heart', 'hypotension'),
('failure heart', 'angina pectoris'),
('failure heart', 'hypokinesia'),
('upper respiratory infection', 'cough'),
('upper respiratory infection', 'throat sore'),
('upper respiratory infection', 'wheezing'),
('upper respiratory infection', 'shortness of breath'),
('upper respiratory infection', 'labored breathing'),
('upper respiratory infection', 'fever'),
('upper respiratory infection', 'stuffy nose'),
('upper respiratory infection', 'non-productive cough'),
('upper respiratory infection', 'snuffle'),
('upper respiratory infection', 'indifferent mood'),
('upper respiratory infection', 'egophony'),
('upper respiratory infection', 'barking cough'),
('upper respiratory infection', 'polymyalgia'),
('upper respiratory infection', 'pleuritic pain'),
('upper respiratory infection', 'night sweat'),
('upper respiratory infection', 'dyspnea'),
('upper respiratory infection', 'productive cough'),
('upper respiratory infection', 'decreased translucency'),
('upper respiratory infection', 'rhonchus'),
('upper respiratory infection', 'rapid shallow breathing'),
('upper respiratory infection', 'apyrexial'),
('upper respiratory infection', 'noisy respiration'),
('upper respiratory infection', 'nasal discharge present'),
('upper respiratory infection', 'emphysematous change'),
('upper respiratory infection', 'frail'),
('upper respiratory infection', 'cystic lesion'),
('upper respiratory infection', 'symptom aggravating factors'),
('upper respiratory infection', 'hemodynamically stable'),
('hepatitis', 'ascites'),
('hepatitis', 'spontaneous rupture of membranes'),
('hepatitis', 'tachypnea'),
('hepatitis', 'pain abdominal'),
('hepatitis', 'pruritus'),
('hepatitis', 'anorexia'),
('hepatitis', 'transaminitis'),
('hepatitis', 'projectile vomiting'),
('hepatitis', 'chill'),
('hepatitis', 'distress respiratory'),
('hepatitis', 'fever'),
('hepatitis', 'vomiting'),
('hypertension pulmonary', 'shortness of breath'),
('hypertension pulmonary', 'Stahli\'s line'),
('hypertension pulmonary', 'heavy legs'),
('hypertension pulmonary', 'breath sounds decreased'),
('hypertension pulmonary', 'neck stiffness'),
('hypertension pulmonary', 'dyspnea on exertion'),
('hypertension pulmonary', 'cyanosis'),
('hypertension pulmonary', 'hypotension'),
('hypertension pulmonary', 'left atrial hypertrophy'),
('deglutition disorder', 'paresthesia'),
('deglutition disorder', 'titubation'),
('deglutition disorder', 'dysarthria'),
('deglutition disorder', 'painful swallowing'),
('deglutition disorder', 'hoarseness'),
('deglutition disorder', 'stridor'),
('deglutition disorder', 'spasm'),
('deglutition disorder', 'asthenia'),
('deglutition disorder', 'dysdiadochokinesia'),
('deglutition disorder', 'ataxia'),
('deglutition disorder', 'achalasia'),
('deglutition disorder', 'decreased body weight'),
('deglutition disorder', 'stiffness'),
('deglutition disorder', 'lesion'),
('deglutition disorder', 'side pain'),
('gout', 'hot flush'),
('gout', 'pain'),
('gout', 'redness'),
('gout', 'swelling'),
('gout', 'erythema'),
('gout', 'emphysematous change'),
('gout', 'sore to touch'),
('gout', 'hypokinesia'),
('gout', 'ascites'),
('gout', 'patient non compliance'),
('thrombocytopaenia', 'ecchymosis'),
('thrombocytopaenia', 'monocytosis'),
('thrombocytopaenia', 'posterior rhinorrhea'),
('thrombocytopaenia', 'haemorrhage'),
('thrombocytopaenia', 'tachypnea'),
('thrombocytopaenia', 'fever'),
('thrombocytopaenia', 'pruritus'),
('thrombocytopaenia', 'hypotension'),
('thrombocytopaenia', 'fatigue'),
('hypoglycemia', 'unresponsiveness'),
('hypoglycemia', 'hypothermia, natural'),
('hypoglycemia', 'incoherent'),
('hypoglycemia', 'qt interval prolonged'),
('hypoglycemia', 'lameness'),
('hypoglycemia', 'unconscious state'),
('hypoglycemia', 'clammy skin'),
('hypoglycemia', 'polyuria'),
('hypoglycemia', 'distress respiratory'),
('hypoglycemia', 'hypotension'),
('pneumonia aspiration', 'mediastinal shift'),
('pneumonia aspiration', 'fever'),
('pneumonia aspiration', 'clonus'),
('pneumonia aspiration', 'mental status changes'),
('pneumonia aspiration', 'decreased translucency'),
('pneumonia aspiration', 'unresponsiveness'),
('pneumonia aspiration', 'extreme exhaustion'),
('pneumonia aspiration', 'stupor'),
('pneumonia aspiration', 'seizure'),
('pneumonia aspiration', 'transaminitis'),
('pneumonia aspiration', 'hemiplegia'),
('pneumonia aspiration', 'cough'),
('pneumonia aspiration', 'gurgle'),
('pneumonia aspiration', 'pain'),
('pneumonia aspiration', 'diarrhea'),
('pneumonia aspiration', 'pain abdominal'),
('colitis', 'fever'),
('colitis', 'thicken'),
('colitis', 'green sputum'),
('colitis', 'vomiting'),
('colitis', 'nausea and vomiting'),
('colitis', 'awakening early'),
('colitis', 'pain'),
('colitis', 'nausea'),
('colitis', 'chill'),
('colitis', 'tenesmus'),
('colitis', 'urge incontinence'),
('colitis', 'pain abdominal'),
('colitis', 'hemodynamically stable'),
('diverticulosis', 'fecaluria'),
('diverticulosis', 'constipation'),
('diverticulosis', 'abscess bacterial'),
('diverticulosis', 'heme positive'),
('diverticulosis', 'lightheadedness'),
('diverticulosis', 'diarrhea'),
('diverticulosis', 'haemorrhage'),
('diverticulosis', 'pain'),
('diverticulosis', 'projectile vomiting'),
('diverticulosis', 'pneumatouria'),
('diverticulosis', 'cystic lesion'),
('diverticulosis', 'anorexia'),
('diverticulosis', 'nausea'),
('diverticulosis', 'feeling suicidal'),
('diverticulosis', 'feeling hopeless'),
('suicide attempt', 'hallucinations auditory'),
('suicide attempt', 'sleeplessness'),
('suicide attempt', 'suicidal'),
('suicide attempt', 'motor retardation'),
('suicide attempt', 'weepiness'),
('suicide attempt', 'unable to concentrate'),
('suicide attempt', 'todd paralysis'),
('suicide attempt', 'worry'),
('suicide attempt', 'fatigue'),
('suicide attempt', 'tremor'),
('suicide attempt', 'alcoholic withdrawal symptoms'),
('suicide attempt', 'agitation'),
('suicide attempt', 'unresponsiveness'),
('suicide attempt', 'blackout'),
('suicide attempt', 'withdraw'),
('suicide attempt', 'difficulty'),
('suicide attempt', 'irritable mood'),
('suicide attempt', 'sensory discomfort'),
('suicide attempt', 'drowsiness'),
('suicide attempt', 'formication'),
('suicide attempt', 'unconscious state'),
('suicide attempt', 'fever'),
('suicide attempt', 'cough'),
('Pneumocystis carinii pneumonia', 'yellow sputum'),
('Pneumocystis carinii pneumonia', 'cachexia'),
('Pneumocystis carinii pneumonia', 'chill'),
('Pneumocystis carinii pneumonia', 'decreased body weight'),
('Pneumocystis carinii pneumonia', 'productive cough'),
('Pneumocystis carinii pneumonia', 'myalgia'),
('Pneumocystis carinii pneumonia', 'diarrhea'),
('Pneumocystis carinii pneumonia', 'neck stiffness'),
('Pneumocystis carinii pneumonia', 'hacking cough'),
('Pneumocystis carinii pneumonia', 'dyspareunia'),
('Pneumocystis carinii pneumonia', 'hypokalemia'),
('Pneumocystis carinii pneumonia', 'dyspnea on exertion'),
('Pneumocystis carinii pneumonia', 'poor dentition'),
('Pneumocystis carinii pneumonia', 'transaminitis'),
('Pneumocystis carinii pneumonia', 'non-productive cough'),
('Pneumocystis carinii pneumonia', 'headache'),
('Pneumocystis carinii pneumonia', 'floppy'),
('Pneumocystis carinii pneumonia', 'spontaneous rupture of membranes'),
('hepatitis B', 'inappropriate affect'),
('hepatitis B', 'tachypnea'),
('hepatitis B', 'yellow sputum'),
('hepatitis B', 'projectile vomiting'),
('hepatitis B', 'poor feeding'),
('hepatitis B', 'pain abdominal'),
('hepatitis B', 'abdominal tenderness'),
('hepatitis B', 'wheelchair bound'),
('hepatitis B', 'moan'),
('parkinson disease', 'achalasia'),
('parkinson disease', 'fall'),
('parkinson disease', 'stiffness'),
('parkinson disease', 'withdraw'),
('parkinson disease', 'agitation'),
('parkinson disease', 'hemiplegia'),
('parkinson disease', 'difficulty'),
('parkinson disease', 'unresponsiveness'),
('parkinson disease', 'syncope'),
('parkinson disease', 'facial paresis'),
('parkinson disease', 'orthostasis'),
('parkinson disease', 'worry'),
('parkinson disease', 'drowsiness'),
('parkinson disease', 'hematuria'),
('parkinson disease', 'tremor'),
('parkinson disease', 'night sweat'),
('parkinson disease', 'mass of body structure'),
('lymphoma', 'lesion'),
('lymphoma', 'fever'),
('lymphoma', 'welt'),
('lymphoma', 'transaminitis'),
('lymphoma', 'decreased body weight'),
('lymphoma', 'ataxia'),
('lymphoma', 'tinnitus'),
('lymphoma', 'hydropneumothorax'),
('lymphoma', 'superimposition'),
('lymphoma', 'haemoptysis'),
('lymphoma', 'fatigue'),
('lymphoma', 'polydypsia'),
('lymphoma', 'difficulty passing urine'),
('hyperglycemia', 'sore to touch'),
('hyperglycemia', 'pruritus'),
('hyperglycemia', 'feeling strange'),
('hyperglycemia', 'pustule'),
('hyperglycemia', 'cushingoid facies'),
('hyperglycemia', 'decreased body weight'),
('hyperglycemia', 'mood depressed'),
('hyperglycemia', 'estrogen use'),
('hyperglycemia', 'wheezing'),
('hyperglycemia', 'ascites'),
('hyperglycemia', 'seizure'),
('encephalopathy', 'uncoordination'),
('encephalopathy', 'asterixis'),
('encephalopathy', 'haemorrhage'),
('encephalopathy', 'drowsiness'),
('encephalopathy', 'absences finding'),
('encephalopathy', 'posturing'),
('encephalopathy', 'aura'),
('encephalopathy', 'tonic seizures'),
('encephalopathy', 'debilitation'),
('encephalopathy', 'consciousness clear'),
('encephalopathy', 'unresponsiveness'),
('encephalopathy', 'thicken'),
('encephalopathy', 'hypokinesia'),
('tricuspid valve insufficiency', 'shortness of breath'),
('tricuspid valve insufficiency', 'pain'),
('tricuspid valve insufficiency', 'vomiting'),
('tricuspid valve insufficiency', 'nausea'),
('tricuspid valve insufficiency', 'bradycardia'),
('tricuspid valve insufficiency', 'pain abdominal'),
('tricuspid valve insufficiency', 'fever'),
('tricuspid valve insufficiency', 'cicatrisation'),
('tricuspid valve insufficiency', 'mediastinal shift'),
('tricuspid valve insufficiency', 'impaired cognition'),
('Alzheimer\'s disease', 'drool'),
('Alzheimer\'s disease', 'agitation'),
('Alzheimer\'s disease', 'nightmare'),
('Alzheimer\'s disease', 'rhonchus'),
('Alzheimer\'s disease', 'consciousness clear'),
('Alzheimer\'s disease', 'pin-point pupils'),
('Alzheimer\'s disease', 'bedridden'),
('Alzheimer\'s disease', 'frail'),
('Alzheimer\'s disease', 'tremor resting'),
('Alzheimer\'s disease', 'hyperkalemia'),
('Alzheimer\'s disease', 'facial paresis'),
('Alzheimer\'s disease', 'groggy'),
('Alzheimer\'s disease', 'muscle twitch'),
('Alzheimer\'s disease', 'wheelchair bound'),
('Alzheimer\'s disease', 'tremor'),
('Alzheimer\'s disease', 'cough'),
('Alzheimer\'s disease', 'fever'),
('candidiasis', 'diarrhea'),
('candidiasis', 'throat sore'),
('candidiasis', 'decreased body weight'),
('candidiasis', 'chill'),
('candidiasis', 'headache'),
('candidiasis', 'abdominal tenderness'),
('candidiasis', 'patient non compliance'),
('candidiasis', 'photophobia'),
('candidiasis', 'night sweat'),
('candidiasis', 'painful swallowing'),
('candidiasis', 'poor dentition'),
('candidiasis', 'transaminitis'),
('candidiasis', 'non-productive cough'),
('candidiasis', 'adverse reaction'),
('candidiasis', 'abdominal bloating'),
('neuropathy', 'asthenia'),
('neuropathy', 'numbness'),
('neuropathy', 'nausea and vomiting'),
('neuropathy', 'awakening early'),
('neuropathy', 'hydropneumothorax'),
('neuropathy', 'superimposition'),
('neuropathy', 'fatigability'),
('neuropathy', 'tenesmus'),
('neuropathy', 'pain'),
('neuropathy', 'slowing of urinary stream'),
('kidney disease', 'shortness of breath'),
('kidney disease', 'hyperkalemia'),
('kidney disease', 'pain chest'),
('kidney disease', 'fever'),
('kidney disease', 'gravida 0'),
('kidney disease', 'bleeding of vagina'),
('fibroid tumor', 'para 2'),
('fibroid tumor', 'haemorrhage'),
('fibroid tumor', 'abortion'),
('fibroid tumor', 'intermenstrual heavy bleeding'),
('fibroid tumor', 'muscle hypotonia'),
('fibroid tumor', 'previous pregnancies 2'),
('fibroid tumor', 'shortness of breath'),
('fibroid tumor', 'fever'),
('fibroid tumor', 'heartburn'),
('fibroid tumor', 'primigravida'),
('fibroid tumor', 'abnormally hard consistency'),
('fibroid tumor', 'proteinemia'),
('glaucoma', 'fall'),
('glaucoma', 'distended abdomen'),
('glaucoma', 'unsteady gait'),
('glaucoma', 'paresthesia'),
('glaucoma', 'hyponatremia'),
('glaucoma', 'agitation'),
('glaucoma', 'unconscious state'),
('glaucoma', 'burning sensation'),
('glaucoma', 'lesion'),
('glaucoma', 'mass of body structure'),
('neoplasm metastasis', 'thicken'),
('neoplasm metastasis', 'tumor cell invasion'),
('neoplasm metastasis', 'metastatic lesion'),
('neoplasm metastasis', 'pain neck'),
('neoplasm metastasis', 'lung nodule'),
('neoplasm metastasis', 'pain'),
('neoplasm metastasis', 'pain abdominal'),
('neoplasm metastasis', 'food intolerance'),
('neoplasm metastasis', 'mass of body structure'),
('neoplasm metastasis', 'atypia'),
('malignant tumor of colon', 'lesion'),
('malignant tumor of colon', 'prostatism'),
('malignant tumor of colon', 'constipation'),
('malignant tumor of colon', 'general discomfort'),
('malignant tumor of colon', 'diarrhea'),
('malignant tumor of colon', 'pain abdominal'),
('malignant tumor of colon', 'urinary hesitation'),
('malignant tumor of colon', 'dizzy spells'),
('malignant tumor of colon', 'shooting pain'),
('malignant tumor of colon', 'bradycardia'),
('malignant tumor of colon', 'vomiting'),
('malignant tumor of colon', 'systolic ejection murmur'),
('malignant tumor of colon', 'nausea'),
('malignant tumor of colon', 'hyperemesis'),
('malignant tumor of colon', 'polydypsia'),
('ketoacidosis diabetic', 'polyuria'),
('ketoacidosis diabetic', 'vomiting'),
('ketoacidosis diabetic', 'nausea'),
('ketoacidosis diabetic', 'pain abdominal'),
('ketoacidosis diabetic', 'milky'),
('ketoacidosis diabetic', 'feeling strange'),
('ketoacidosis diabetic', 'gurgle'),
('ketoacidosis diabetic', 'nervousness'),
('ketoacidosis diabetic', 'abdominal tenderness'),
('ketoacidosis diabetic', 'regurgitates after swallowing'),
('ketoacidosis diabetic', 'vision blurred'),
('ketoacidosis diabetic', 'urinary hesitation'),
('ketoacidosis diabetic', 'diarrhea'),
('ketoacidosis diabetic', 'seizure'),
('ketoacidosis diabetic', 'aura'),
('tonic-clonic epilepsy', 'drowsiness'),
('tonic-clonic epilepsy', 'lip smacking'),
('tonic-clonic epilepsy', 'myoclonus'),
('tonic-clonic epilepsy', 'tremor');
INSERT INTO `temp_data` (`disease_name`, `symptom_name`) VALUES
('tonic-clonic epilepsy', 'phonophobia'),
('tonic-clonic epilepsy', 'rolling of eyes'),
('tonic-clonic epilepsy', 'sleepy'),
('tonic-clonic epilepsy', 'hirsutism'),
('tonic-clonic epilepsy', 'moody'),
('tonic-clonic epilepsy', 'muscle twitch'),
('tonic-clonic epilepsy', 'unresponsiveness'),
('tonic-clonic epilepsy', 'headache'),
('tonic-clonic epilepsy', 'ambidexterity'),
('tonic-clonic epilepsy', 'absences finding'),
('tonic-clonic epilepsy', 'spasm'),
('tonic-clonic epilepsy', 'decreased body weight'),
('tonic-clonic epilepsy', 'tumor cell invasion'),
('malignant neoplasms', 'pulsus paradoxus'),
('malignant neoplasms', 'gravida 10'),
('malignant neoplasms', 'mass of body structure'),
('malignant neoplasms', 'lesion'),
('malignant neoplasms', 'heartburn'),
('malignant neoplasms', 'night sweat'),
('malignant neoplasms', 'thicken'),
('malignant neoplasms', 'chill'),
('malignant neoplasms', 'decreased translucency'),
('malignant neoplasms', 'pain abdominal'),
('malignant neoplasms', 'dullness'),
('malignant neoplasms', 'food intolerance'),
('malignant neoplasms', 'distress respiratory'),
('malignant neoplasms', 'hypotension'),
('respiratory failure', 'hemiplegia'),
('respiratory failure', 'snore'),
('respiratory failure', 'unresponsiveness'),
('respiratory failure', 'productive cough'),
('respiratory failure', 'dyspnea'),
('respiratory failure', 'tachypnea'),
('respiratory failure', 'hyperkalemia'),
('respiratory failure', 'hypokinesia'),
('respiratory failure', 'sinus rhythm'),
('respiratory failure', 'general unsteadiness'),
('respiratory failure', 'bruit'),
('respiratory failure', 'consciousness clear'),
('respiratory failure', 'shortness of breath'),
('respiratory failure', 'lesion'),
('respiratory failure', 'redness'),
('melanoma', 'mass of body structure'),
('melanoma', 'paraparesis'),
('melanoma', 'fever'),
('melanoma', 'gravida 0'),
('melanoma', 'pain'),
('melanoma', 'pruritus'),
('melanoma', 'mass in breast'),
('melanoma', 'vomiting'),
('melanoma', 'diarrhea'),
('gastroenteritis', 'pain abdominal'),
('gastroenteritis', 'breath-holding spell'),
('gastroenteritis', 'nausea'),
('gastroenteritis', 'decreased body weight'),
('gastroenteritis', 'sore to touch'),
('gastroenteritis', 'scleral icterus'),
('gastroenteritis', 'fever'),
('gastroenteritis', 'myalgia'),
('gastroenteritis', 'hyponatremia'),
('gastroenteritis', 'retch'),
('gastroenteritis', 'mass of body structure'),
('gastroenteritis', 'decreased body weight'),
('malignant neoplasm of lung', 'lesion'),
('malignant neoplasm of lung', 'cough'),
('malignant neoplasm of lung', 'lung nodule'),
('malignant neoplasm of lung', 'shortness of breath'),
('malignant neoplasm of lung', 'haemoptysis'),
('malignant neoplasm of lung', 'debilitation'),
('malignant neoplasm of lung', 'gurgle'),
('malignant neoplasm of lung', 'ache'),
('malignant neoplasm of lung', 'rale'),
('malignant neoplasm of lung', 'night sweat'),
('malignant neoplasm of lung', 'decreased translucency'),
('malignant neoplasm of lung', 'asthenia'),
('malignant neoplasm of lung', 'metastatic lesion'),
('malignant neoplasm of lung', 'agitation'),
('malignant neoplasm of lung', 'irritable mood'),
('manic disorder', 'energy increased'),
('manic disorder', 'suicidal'),
('manic disorder', 'hypersomnia'),
('manic disorder', 'feeling suicidal'),
('manic disorder', 'blanch'),
('manic disorder', 'hallucinations auditory'),
('manic disorder', 'hallucinations visual'),
('manic disorder', 'elation'),
('manic disorder', 'verbal auditory hallucinations'),
('manic disorder', 'feeling hopeless'),
('manic disorder', 'difficulty'),
('manic disorder', 'decompensation'),
('manic disorder', 'verbally abusive behavior'),
('manic disorder', 'suicidal'),
('manic disorder', 'feeling suicidal'),
('personality disorder', 'nightmare'),
('personality disorder', 'feeling hopeless'),
('personality disorder', 'transsexual'),
('personality disorder', 'hallucinations auditory'),
('personality disorder', 'irritable mood'),
('personality disorder', 'sleeplessness'),
('personality disorder', 'agitation'),
('personality disorder', 'weepiness'),
('personality disorder', 'mood depressed'),
('personality disorder', 'scratch marks'),
('personality disorder', 'nausea and vomiting'),
('personality disorder', 'extreme exhaustion'),
('personality disorder', 'side pain'),
('personality disorder', 'worry'),
('personality disorder', 'enuresis'),
('personality disorder', 'homelessness'),
('personality disorder', 'nervousness'),
('personality disorder', 'ascites'),
('personality disorder', 'pruritus'),
('primary carcinoma of the liver cells', 'mass of body structure'),
('primary carcinoma of the liver cells', 'splenomegaly'),
('primary carcinoma of the liver cells', 'lesion'),
('primary carcinoma of the liver cells', 'paresis'),
('primary carcinoma of the liver cells', 'tumor cell invasion'),
('primary carcinoma of the liver cells', 'room spinning'),
('primary carcinoma of the liver cells', 'haemorrhage'),
('primary carcinoma of the liver cells', 'thicken'),
('primary carcinoma of the liver cells', 'indifferent mood'),
('primary carcinoma of the liver cells', 'cachexia'),
('primary carcinoma of the liver cells', 'hypothermia, natural'),
('primary carcinoma of the liver cells', 'pain abdominal'),
('primary carcinoma of the liver cells', 'hepatomegaly'),
('primary carcinoma of the liver cells', 'hematocrit decreased'),
('primary carcinoma of the liver cells', 'stupor'),
('primary carcinoma of the liver cells', 'decreased body weight'),
('primary carcinoma of the liver cells', 'shortness of breath'),
('primary carcinoma of the liver cells', 'cough'),
('emphysema pulmonary', 'behavior showing increased motor activity'),
('emphysema pulmonary', 'scar tissue'),
('emphysema pulmonary', 'dyspnea on exertion'),
('emphysema pulmonary', 'coordination abnormal'),
('emphysema pulmonary', 'myalgia'),
('emphysema pulmonary', 'hypercapnia'),
('emphysema pulmonary', 'clammy skin'),
('emphysema pulmonary', 'has religious belief'),
('emphysema pulmonary', 'room spinning'),
('emphysema pulmonary', 'moan'),
('emphysema pulmonary', 'night sweat'),
('emphysema pulmonary', 'cachexia'),
('emphysema pulmonary', 'symptom aggravating factors'),
('emphysema pulmonary', 'dyspnea'),
('emphysema pulmonary', 'rale'),
('emphysema pulmonary', 'flushing'),
('emphysema pulmonary', 'painful swallowing'),
('emphysema pulmonary', 'arthralgia'),
('emphysema pulmonary', 'choke'),
('emphysema pulmonary', 'tenesmus'),
('emphysema pulmonary', 'constipation'),
('hemorrhoids', 'haemorrhage'),
('hemorrhoids', 'bowel sounds decreased'),
('hemorrhoids', 'decreased stool caliber'),
('hemorrhoids', 'nausea and vomiting'),
('hemorrhoids', 'hunger'),
('hemorrhoids', 'diarrhea'),
('hemorrhoids', 'dizziness'),
('hemorrhoids', 'hyponatremia'),
('hemorrhoids', 'clonus'),
('hemorrhoids', 'pain'),
('hemorrhoids', 'achalasia'),
('hemorrhoids', 'burning sensation'),
('hemorrhoids', 'guaiac positive'),
('hemorrhoids', 'numbness of hand'),
('hemorrhoids', 'wheezing'),
('hemorrhoids', 'cough'),
('spasm bronchial', 'shortness of breath'),
('spasm bronchial', 'scar tissue'),
('spasm bronchial', 'apyrexial'),
('spasm bronchial', 'no known drug allergies'),
('spasm bronchial', 'pain'),
('spasm bronchial', 'productive cough'),
('spasm bronchial', 'throat sore'),
('spasm bronchial', 'dyspnea'),
('spasm bronchial', 'chest tightness'),
('spasm bronchial', 'hypoxemia'),
('spasm bronchial', 'tachypnea'),
('spasm bronchial', 'sensory discomfort'),
('spasm bronchial', 'fever'),
('spasm bronchial', 'vomiting'),
('spasm bronchial', 'rhonchus'),
('spasm bronchial', 'hemiplegia'),
('spasm bronchial', 'fremitus'),
('aphasia', 'clonus'),
('aphasia', 'egophony'),
('aphasia', 'facial paresis'),
('aphasia', 'aphagia'),
('aphasia', 'muscle twitch'),
('aphasia', 'paralyse'),
('aphasia', 'low back pain'),
('aphasia', 'charleyhorse'),
('obesity morbid', 'out of breath'),
('obesity morbid', 'sedentary'),
('obesity morbid', 'angina pectoris'),
('obesity morbid', 'cough'),
('obesity morbid', 'unhappy'),
('obesity morbid', 'labored breathing'),
('obesity morbid', 'hypothermia, natural'),
('obesity morbid', 'dyspnea'),
('obesity morbid', 'hematocrit decreased'),
('obesity morbid', 'wheezing'),
('obesity morbid', 'hypoxemia'),
('obesity morbid', 'renal angle tenderness'),
('obesity morbid', 'feels hot/feverish'),
('pyelonephritis', 'fever'),
('pyelonephritis', 'pain'),
('pyelonephritis', 'urgency of micturition'),
('pyelonephritis', 'hematuria'),
('pyelonephritis', 'vomiting'),
('pyelonephritis', 'chill'),
('pyelonephritis', 'diarrhea'),
('pyelonephritis', 'nausea'),
('pyelonephritis', 'pain abdominal'),
('pyelonephritis', 'myalgia'),
('pyelonephritis', 'fever'),
('pyelonephritis', 'chill'),
('endocarditis', 'pleuritic pain'),
('endocarditis', 'thicken'),
('endocarditis', 'myalgia'),
('endocarditis', 'apyrexial'),
('endocarditis', 'night sweat'),
('endocarditis', 'flare'),
('endocarditis', 'shortness of breath'),
('endocarditis', 'orthopnea'),
('endocarditis', 'abscess bacterial'),
('endocarditis', 'hypotension'),
('endocarditis', 'cough'),
('endocarditis', 'metastatic lesion'),
('endocarditis', 'breath sounds decreased'),
('endocarditis', 'decreased body weight'),
('endocarditis', 'pulsus paradoxus'),
('endocarditis', 'hypokinesia'),
('effusion pericardial', 'pericardial friction rub'),
('effusion pericardial', 'dyspnea'),
('effusion pericardial', 'shortness of breath'),
('effusion pericardial', 'hemodynamically stable'),
('effusion pericardial', 'cardiomegaly'),
('effusion pericardial', 'hypotension'),
('effusion pericardial', 'sputum purulent'),
('effusion pericardial', 'facial paresis'),
('effusion pericardial', 'pain'),
('effusion pericardial', 'oliguria'),
('effusion pericardial', 'blackout'),
('effusion pericardial', 'intoxication'),
('chronic alcoholic intoxication', 'tremor'),
('chronic alcoholic intoxication', 'hallucinations auditory'),
('chronic alcoholic intoxication', 'suicidal'),
('chronic alcoholic intoxication', 'hoard'),
('chronic alcoholic intoxication', 'irritable mood'),
('chronic alcoholic intoxication', 'feeling hopeless'),
('chronic alcoholic intoxication', 'feeling suicidal'),
('chronic alcoholic intoxication', 'neologism'),
('chronic alcoholic intoxication', 'seizure'),
('chronic alcoholic intoxication', 'homelessness'),
('chronic alcoholic intoxication', 'sleeplessness'),
('chronic alcoholic intoxication', 'unconscious state'),
('chronic alcoholic intoxication', 'panic'),
('chronic alcoholic intoxication', 'breath sounds decreased'),
('chronic alcoholic intoxication', 'shortness of breath'),
('pneumothorax', 'dyspnea'),
('pneumothorax', 'cardiovascular finding'),
('pneumothorax', 'haemoptysis'),
('pneumothorax', 'cough'),
('pneumothorax', 'hypercapnia'),
('pneumothorax', 'soft tissue swelling'),
('pneumothorax', 'prostatism'),
('pneumothorax', 'agitation'),
('delirium', 'unsteady gait'),
('delirium', 'withdraw'),
('delirium', 'hyponatremia'),
('delirium', 'verbally abusive behavior'),
('delirium', 'feeling suicidal'),
('delirium', 'unresponsiveness'),
('delirium', 'worry'),
('delirium', 'drowsiness'),
('delirium', 'hallucinations auditory'),
('delirium', 'suicidal'),
('delirium', 'fever'),
('delirium', 'diarrhea'),
('neutropenia', 'transaminitis'),
('neutropenia', 'splenomegaly'),
('neutropenia', 'night sweat'),
('neutropenia', 'apyrexial'),
('neutropenia', 'lesion'),
('neutropenia', 'snuffle'),
('neutropenia', 'chill'),
('neutropenia', 'cough'),
('neutropenia', 'monoclonal'),
('neutropenia', 'hypocalcemia result'),
('neutropenia', 'oliguria'),
('neutropenia', 'rhd positive'),
('neutropenia', 'distress respiratory'),
('hyperbilirubinemia', 'cyanosis'),
('hyperbilirubinemia', 'tachypnea'),
('hyperbilirubinemia', 'para 1'),
('hyperbilirubinemia', 'bradycardia'),
('hyperbilirubinemia', 'breech presentation'),
('hyperbilirubinemia', 'cushingoid facies'),
('hyperbilirubinemia', 'cough'),
('hyperbilirubinemia', 'myalgia'),
('influenza', 'uncoordination'),
('influenza', 'fever'),
('influenza', 'pleuritic pain'),
('influenza', 'snuffle'),
('influenza', 'throat sore'),
('influenza', 'malaise'),
('influenza', 'debilitation'),
('influenza', 'symptom aggravating factors'),
('influenza', 'chill'),
('influenza', 'scleral icterus'),
('influenza', 'nasal flaring'),
('influenza', 'dysuria'),
('influenza', 'lip smacking'),
('influenza', 'headache'),
('influenza', 'sneeze'),
('influenza', 'snore'),
('influenza', 'green sputum'),
('influenza', 'shortness of breath'),
('influenza', 'distress respiratory'),
('influenza', 'blackout'),
('influenza', 'extreme exhaustion'),
('dependence', 'intoxication'),
('dependence', 'tremor'),
('dependence', 'agitation'),
('dependence', 'suicidal'),
('dependence', 'homelessness'),
('dependence', 'prostatism'),
('dependence', 'lethargy'),
('dependence', 'seizure'),
('dependence', 'muscle twitch'),
('dependence', 'stuffy nose'),
('dependence', 'feeling hopeless'),
('dependence', 'heavy legs'),
('dependence', 'rale'),
('thrombus', 'hypokinesia'),
('thrombus', 'anorexia'),
('thrombus', 'hypertonicity'),
('thrombus', 'shortness of breath'),
('thrombus', 'hypoalbuminemia'),
('thrombus', 'pruritus'),
('thrombus', 'sore to touch'),
('thrombus', 'hemodynamically stable'),
('thrombus', 'facial paresis'),
('thrombus', 'vomiting'),
('thrombus', 'stool color yellow'),
('cholecystitis', 'moan'),
('cholecystitis', 'nausea'),
('cholecystitis', 'pain abdominal'),
('cholecystitis', 'Murphy\'s sign'),
('cholecystitis', 'flatulence'),
('cholecystitis', 'colic abdominal'),
('cholecystitis', 'pain'),
('cholecystitis', 'ascites'),
('cholecystitis', 'diarrhea'),
('cholecystitis', 'qt interval prolonged'),
('cholecystitis', 'cardiovascular finding'),
('cholecystitis', 'groggy'),
('cholecystitis', 'sinus rhythm'),
('cholecystitis', 'gasping for breath'),
('cholecystitis', 'constipation'),
('cholecystitis', 'feces in rectum'),
('cholecystitis', 'abnormally hard consistency'),
('hernia hiatal', 'pain abdominal'),
('hernia hiatal', 'fatigability'),
('hernia hiatal', 'prodrome'),
('hernia hiatal', 'vomiting'),
('hernia hiatal', 'nausea'),
('hernia hiatal', 'myalgia'),
('hernia hiatal', 'hyponatremia'),
('hernia hiatal', 'sore to touch'),
('hernia hiatal', 'general discomfort'),
('hernia hiatal', 'dyspnea on exertion'),
('hernia hiatal', 'asterixis'),
('hernia hiatal', 'guaiac positive'),
('hernia hiatal', 'numbness of hand'),
('hernia hiatal', 'headache'),
('hernia hiatal', 'photophobia'),
('migraine disorders', 'ambidexterity'),
('migraine disorders', 'vomiting'),
('migraine disorders', 'dizziness'),
('migraine disorders', 'numbness'),
('migraine disorders', 'nausea'),
('migraine disorders', 'fever'),
('migraine disorders', 'splenomegaly'),
('pancytopenia', 'hypoproteinemia'),
('pancytopenia', 'fatigue'),
('pancytopenia', 'haemorrhage'),
('pancytopenia', 'fatigability'),
('pancytopenia', 'cushingoid facies'),
('pancytopenia', 'stool color yellow'),
('pancytopenia', 'colic abdominal'),
('cholelithiasis', 'vomiting'),
('cholelithiasis', 'nausea'),
('cholelithiasis', 'pain abdominal'),
('cholelithiasis', 'pain'),
('cholelithiasis', 'cushingoid facies'),
('cholelithiasis', 'ascites'),
('cholelithiasis', 'thicken'),
('cholelithiasis', 'sore to touch'),
('cholelithiasis', 'diarrhea'),
('cholelithiasis', 'apyrexial'),
('cholelithiasis', 'palpitation'),
('tachycardia sinus', 'left atrial hypertrophy'),
('tachycardia sinus', 'sweat'),
('tachycardia sinus', 'alcohol binge episode'),
('tachycardia sinus', 'pressure chest'),
('tachycardia sinus', 'scar tissue'),
('tachycardia sinus', 'cardiovascular finding'),
('tachycardia sinus', 'orthostasis'),
('tachycardia sinus', 'shortness of breath'),
('tachycardia sinus', 't wave inverted'),
('tachycardia sinus', 'vomiting'),
('tachycardia sinus', 'pain abdominal'),
('ileus', 'abscess bacterial'),
('ileus', 'abdomen acute'),
('ileus', 'air fluid level'),
('ileus', 'catching breath'),
('ileus', 'abdominal tenderness'),
('ileus', 'nausea'),
('ileus', 'sore to touch'),
('ileus', 'flatulence'),
('ileus', 'diarrhea'),
('ileus', 'mass of body structure'),
('ileus', 'apyrexial'),
('ileus', 'constipation'),
('ileus', 'thicken'),
('ileus', 'gravida 0'),
('ileus', 'pain abdominal'),
('adhesion', 'flatulence'),
('adhesion', 'pain'),
('adhesion', 'large-for-dates fetus'),
('adhesion', 'para 1'),
('adhesion', 'vomiting'),
('adhesion', 'lung nodule'),
('adhesion', 'breech presentation'),
('adhesion', 'shortness of breath'),
('adhesion', 'decreased body weight'),
('adhesion', 'immobile'),
('adhesion', 'unsteady gait'),
('adhesion', 'hallucinations visual'),
('adhesion', 'feeling suicidal'),
('delusion', 'loose associations'),
('delusion', 'giddy mood'),
('delusion', 'feeling hopeless'),
('delusion', 'agitation'),
('delusion', 'hallucinations auditory'),
('delusion', 'irritable mood'),
('delusion', 'sleeplessness'),
('delusion', 'neologism'),
('delusion', 'homicidal thoughts'),
('delusion', 'disturbed family'),
('delusion', 'worry'),
('delusion', 'decompensation'),
('delusion', 'verbally abusive behavior'),
('delusion', 'catatonia'),
('delusion', 'suicidal'),
('delusion', 'terrify'),
('delusion', 'blackout'),
('delusion', 'weepiness'),
('delusion', 'impaired cognition'),
('delusion', 'irritable mood'),
('delusion', 'agitation'),
('affect labile', 'extreme exhaustion'),
('affect labile', 'sleeplessness'),
('affect labile', 'enuresis'),
('affect labile', 'patient non compliance'),
('affect labile', 'feeling hopeless'),
('affect labile', 'hallucinations visual'),
('affect labile', 'bedridden'),
('affect labile', 'prostatism'),
('decubitus ulcer', 'systolic murmur'),
('decubitus ulcer', 'frail'),
('decubitus ulcer', 'fever');

-- --------------------------------------------------------

--
-- Struktur dari tabel `users`
--

CREATE TABLE `users` (
  `id` bigint(20) UNSIGNED NOT NULL,
  `name` varchar(255) NOT NULL,
  `email` varchar(255) NOT NULL,
  `email_verified_at` timestamp NULL DEFAULT NULL,
  `password` varchar(255) NOT NULL,
  `remember_token` varchar(100) DEFAULT NULL,
  `created_at` timestamp NULL DEFAULT NULL,
  `updated_at` timestamp NULL DEFAULT NULL
) ENGINE=InnoDB DEFAULT CHARSET=utf8mb4 COLLATE=utf8mb4_unicode_ci;

--
-- Dumping data untuk tabel `users`
--

INSERT INTO `users` (`id`, `name`, `email`, `email_verified_at`, `password`, `remember_token`, `created_at`, `updated_at`) VALUES
(1, 'Rifqi', 'rifqi123@user.com', NULL, '$2y$10$ua0uVZ7OydicUwJXrtEiLekbj2nHGtOYOS3J8yNCZN6XfosbpOO6q', NULL, '2023-07-02 23:20:22', '2023-07-02 23:20:22'),
(2, 'Yusdar', 'yusdar@gmail.com', NULL, '$2y$10$RukNQKN0JCM9fQC2BT7gC.2a6TU.ZWoRM0oLFJ4z1x8XJ1Wk/5rcS', NULL, '2023-07-19 06:44:06', '2023-07-19 06:44:06'),
(4, 'Zaedil', 'zaedil@gmail.com', NULL, '$2y$10$MqtrhEtcwPyZB/ONXTDOPO6r0u1p7sD0b7Gr7AF4o0LRHtRCJdDiW', NULL, '2023-07-19 14:04:17', '2023-07-19 14:04:17'),
(5, '', 'yasril@gmail.com', NULL, '$2y$10$2qrbnz2Eni97LD53COvHUe7GSSA83fJYWgSKZiSdk236qkl59hHjK', NULL, '2023-07-20 03:36:27', '2023-07-20 03:36:27'),
(6, 'Wahyu', 'wahyu@gmail.com', NULL, '$2y$10$AtxpE84pnR5p1dSAA/9j7eJ2oaRv4UPd6k022Sq6iF.Tl/Vl3ifGu', NULL, '2023-07-20 03:39:39', '2023-07-20 03:39:39'),
(10, 'yasril', 'yasril123@gmail.com', NULL, '$2y$10$VLtNHlUuUxy.p9bTh0bWQutwDMDtmDeNfrUIwOw9JH0QMh7HJg05G', NULL, '2023-08-09 13:47:46', '2023-08-09 13:47:46');

--
-- Indexes for dumped tables
--

--
-- Indeks untuk tabel `diseases`
--
ALTER TABLE `diseases`
  ADD PRIMARY KEY (`id`);

--
-- Indeks untuk tabel `disease_symptoms`
--
ALTER TABLE `disease_symptoms`
  ADD PRIMARY KEY (`id`),
  ADD KEY `disease_id` (`disease_id`),
  ADD KEY `symptom_id` (`symptom_id`);

--
-- Indeks untuk tabel `failed_jobs`
--
ALTER TABLE `failed_jobs`
  ADD PRIMARY KEY (`id`),
  ADD UNIQUE KEY `failed_jobs_uuid_unique` (`uuid`);

--
-- Indeks untuk tabel `migrations`
--
ALTER TABLE `migrations`
  ADD PRIMARY KEY (`id`);

--
-- Indeks untuk tabel `password_reset_tokens`
--
ALTER TABLE `password_reset_tokens`
  ADD PRIMARY KEY (`email`);

--
-- Indeks untuk tabel `personal_access_tokens`
--
ALTER TABLE `personal_access_tokens`
  ADD PRIMARY KEY (`id`),
  ADD UNIQUE KEY `personal_access_tokens_token_unique` (`token`),
  ADD KEY `personal_access_tokens_tokenable_type_tokenable_id_index` (`tokenable_type`,`tokenable_id`);

--
-- Indeks untuk tabel `symptoms`
--
ALTER TABLE `symptoms`
  ADD PRIMARY KEY (`id`);

--
-- Indeks untuk tabel `users`
--
ALTER TABLE `users`
  ADD PRIMARY KEY (`id`),
  ADD UNIQUE KEY `users_email_unique` (`email`);

--
-- AUTO_INCREMENT untuk tabel yang dibuang
--

--
-- AUTO_INCREMENT untuk tabel `diseases`
--
ALTER TABLE `diseases`
  MODIFY `id` int(11) NOT NULL AUTO_INCREMENT, AUTO_INCREMENT=135;

--
-- AUTO_INCREMENT untuk tabel `disease_symptoms`
--
ALTER TABLE `disease_symptoms`
  MODIFY `id` int(11) NOT NULL AUTO_INCREMENT, AUTO_INCREMENT=1889;

--
-- AUTO_INCREMENT untuk tabel `failed_jobs`
--
ALTER TABLE `failed_jobs`
  MODIFY `id` bigint(20) UNSIGNED NOT NULL AUTO_INCREMENT;

--
-- AUTO_INCREMENT untuk tabel `migrations`
--
ALTER TABLE `migrations`
  MODIFY `id` int(10) UNSIGNED NOT NULL AUTO_INCREMENT, AUTO_INCREMENT=9;

--
-- AUTO_INCREMENT untuk tabel `personal_access_tokens`
--
ALTER TABLE `personal_access_tokens`
  MODIFY `id` bigint(20) UNSIGNED NOT NULL AUTO_INCREMENT, AUTO_INCREMENT=24;

--
-- AUTO_INCREMENT untuk tabel `symptoms`
--
ALTER TABLE `symptoms`
  MODIFY `id` int(11) NOT NULL AUTO_INCREMENT, AUTO_INCREMENT=397;

--
-- AUTO_INCREMENT untuk tabel `users`
--
ALTER TABLE `users`
  MODIFY `id` bigint(20) UNSIGNED NOT NULL AUTO_INCREMENT, AUTO_INCREMENT=11;

--
-- Ketidakleluasaan untuk tabel pelimpahan (Dumped Tables)
--

--
-- Ketidakleluasaan untuk tabel `disease_symptoms`
--
ALTER TABLE `disease_symptoms`
  ADD CONSTRAINT `disease_symptoms_ibfk_1` FOREIGN KEY (`disease_id`) REFERENCES `diseases` (`id`),
  ADD CONSTRAINT `disease_symptoms_ibfk_2` FOREIGN KEY (`symptom_id`) REFERENCES `symptoms` (`id`);
COMMIT;

/*!40101 SET CHARACTER_SET_CLIENT=@OLD_CHARACTER_SET_CLIENT */;
/*!40101 SET CHARACTER_SET_RESULTS=@OLD_CHARACTER_SET_RESULTS */;
/*!40101 SET COLLATION_CONNECTION=@OLD_COLLATION_CONNECTION */;
